JobID,SubmitTime,WaitTime,RunTime ,NProcs,AverageCPUTimeUsed,Used Memory,ReqNProcs,ReqTime: ,ReqMemory,Status,UserID,GroupID,ExecutableID,QueueID,PartitionID,OrigSiteID,LastRunSiteID,JobStructure,JobStructureParams,UsedNetwork,UsedLocalDiskSpace,UsedResources,ReqPlatform,ReqNetwork,ReqLocalDiskSpace,ReqResources,VOID,ProjectID
1,1136070024,203761,378961688.7,379063568.7,379165448.7,379267328.7,1,259200,-1,1,U2004S1,G3,X1,Q5,1,clrlcgce02,clrlcgce02,-1,-1,-1,-1,-1,-1,-1,-1,-1,-1,-1
2,1136070690,0,378690228.7,378690227.7,378690226.7,378690225.7,1,259200,-1,1,U1023S0,G1,X1,Q1,1,clrlcgce01,clrlcgce01,-1,-1,-1,-1,-1,-1,-1,-1,-1,-1,-1
3,1136071207,117,378690556.3,378690613.3,378690670.3,378690727.3,1,259200,-1,1,U2035S1,G6,X1,Q2,1,clrlcgce02,clrlcgce02,-1,-1,-1,-1,-1,-1,-1,-1,-1,-1,-1
4,1136071267,4406,378696294.3,378698495.3,378700696.3,378702897.3,1,259200,-1,1,U2035S1,G6,X1,Q2,1,clrlcgce02,clrlcgce02,-1,-1,-1,-1,-1,-1,-1,-1,-1,-1,-1
5,1136071269,202516,378960441,379061696.5,379162952,379264207.5,1,259200,-1,1,U2035S1,G6,X1,Q2,1,clrlcgce02,clrlcgce02,-1,-1,-1,-1,-1,-1,-1,-1,-1,-1,-1
6,1136072890,1,378690960.7,378690958.2,378690955.7,378690953.2,1,900,-1,1,U1018S0,G1,X1,Q2,1,clrlcgce01,clrlcgce01,-1,-1,-1,-1,-1,-1,-1,-1,-1,-1,-1
7,1136074263,2629516,382197437.7,383512192.2,384826946.7,386141701.2,1,5400,-1,1,U5005S3,G1,X1,Q5,1,iut15,iut15,-1,-1,-1,-1,-1,-1,-1,-1,-1,-1,-1
8,1136074695,1,378691561,378691557.5,378691554,378691550.5,1,259200,-1,1,U1033S0,G6,X1,Q4,1,clrlcgce01,clrlcgce01,-1,-1,-1,-1,-1,-1,-1,-1,-1,-1,-1
9,1136074754,2,378691581.3,378691577.8,378691574.3,378691570.8,1,259200,-1,1,U1033S0,G6,X1,Q4,1,clrlcgce01,clrlcgce01,-1,-1,-1,-1,-1,-1,-1,-1,-1,-1,-1
10,1136074756,2,378691581.3,378691577.3,378691573.3,378691569.3,1,259200,-1,1,U1033S0,G6,X1,Q4,1,clrlcgce01,clrlcgce01,-1,-1,-1,-1,-1,-1,-1,-1,-1,-1,-1
11,1136074814,1,197495,1,0,0,1,259200,-1,1,U1033S0,G6,X1,Q4,1,clrlcgce01,clrlcgce01,-1,-1,-1,-1,-1,-1,-1,-1,-1,-1,-1
12,1136076162,197623,18799,1,18198,480484,1,259200,-1,1,U2035S1,G6,X1,Q2,1,clrlcgce02,clrlcgce02,-1,-1,-1,-1,-1,-1,-1,-1,-1,-1,-1
13,1136076694,2627085,21,1,0,35720,1,5400,-1,1,U5005S3,G1,X1,Q2,1,iut15,iut15,-1,-1,-1,-1,-1,-1,-1,-1,-1,-1,-1
14,1136077528,58,-1,0,-1,-1,1,-1,-1,5,-1,-1,-1,Q3,1,clrlcgce01,clrlcgce01,-1,-1,-1,-1,-1,-1,-1,-1,-1,-1,-1
15,1136077551,975,193984,1,0,0,1,259200,-1,1,U2037S1,G4,X1,Q1,1,clrlcgce02,clrlcgce02,-1,-1,-1,-1,-1,-1,-1,-1,-1,-1,-1
16,1136077775,58,-1,0,-1,-1,1,-1,-1,5,-1,-1,-1,Q2,1,clrlcgce01,clrlcgce01,-1,-1,-1,-1,-1,-1,-1,-1,-1,-1,-1
17,1136077783,196002,2,1,0,0,1,900,-1,1,U2031S1,G1,X1,Q3,1,clrlcgce02,clrlcgce02,-1,-1,-1,-1,-1,-1,-1,-1,-1,-1,-1
18,1136077889,58,-1,0,-1,-1,1,-1,-1,5,-1,-1,-1,Q3,1,clrlcgce01,clrlcgce01,-1,-1,-1,-1,-1,-1,-1,-1,-1,-1,-1
19,1136078195,58,-1,0,-1,-1,1,-1,-1,5,-1,-1,-1,Q2,1,clrlcgce01,clrlcgce01,-1,-1,-1,-1,-1,-1,-1,-1,-1,-1,-1
20,1136078435,58,-1,0,-1,-1,1,-1,-1,5,-1,-1,-1,Q2,1,clrlcgce01,clrlcgce01,-1,-1,-1,-1,-1,-1,-1,-1,-1,-1,-1
21,1136078608,58,-1,0,-1,-1,1,-1,-1,5,-1,-1,-1,Q3,1,clrlcgce01,clrlcgce01,-1,-1,-1,-1,-1,-1,-1,-1,-1,-1,-1
22,1136078676,117,-1,0,-1,-1,1,-1,-1,5,-1,-1,-1,Q2,1,clrlcgce01,clrlcgce01,-1,-1,-1,-1,-1,-1,-1,-1,-1,-1,-1
23,1136078802,194983,2,1,0,6376,1,5400,-1,1,U2023S1,G1,X1,Q4,1,clrlcgce02,clrlcgce02,-1,-1,-1,-1,-1,-1,-1,-1,-1,-1,-1
24,1136079148,58,-1,0,-1,-1,1,-1,-1,5,-1,-1,-1,Q3,1,clrlcgce01,clrlcgce01,-1,-1,-1,-1,-1,-1,-1,-1,-1,-1,-1
25,1136203888,2499978,20,1,0,35752,1,5400,-1,1,U5005S3,G1,X1,Q2,1,iut15,iut15,-1,-1,-1,-1,-1,-1,-1,-1,-1,-1,-1
26,1136204188,2499722,20,1,0,0,1,172800,-1,1,U5005S3,G1,X1,Q6,1,iut15,iut15,-1,-1,-1,-1,-1,-1,-1,-1,-1,-1,-1
27,1136212017,2491849,20,1,0,0,1,5400,-1,1,U5005S3,G1,X1,Q5,1,iut15,iut15,-1,-1,-1,-1,-1,-1,-1,-1,-1,-1,-1
28,1136229063,2474476,21,1,0,0,1,900,-1,1,U5005S3,G1,X1,Q3,1,iut15,iut15,-1,-1,-1,-1,-1,-1,-1,-1,-1,-1,-1
29,1136237461,2466405,20,1,0,35760,1,5400,-1,1,U5005S3,G1,X1,Q2,1,iut15,iut15,-1,-1,-1,-1,-1,-1,-1,-1,-1,-1,-1
30,1136247692,27481,-1,0,-1,-1,1,-1,-1,5,-1,-1,-1,Q2,1,iut15,iut15,-1,-1,-1,-1,-1,-1,-1,-1,-1,-1,-1
31,1136250422,24752,-1,0,-1,-1,1,-1,-1,5,-1,-1,-1,Q1,1,iut15,iut15,-1,-1,-1,-1,-1,-1,-1,-1,-1,-1,-1
32,1136260866,14307,-1,0,-1,-1,1,-1,-1,5,-1,-1,-1,Q1,1,iut15,iut15,-1,-1,-1,-1,-1,-1,-1,-1,-1,-1,-1
33,1136262396,12777,-1,0,-1,-1,1,-1,-1,5,-1,-1,-1,Q1,1,iut15,iut15,-1,-1,-1,-1,-1,-1,-1,-1,-1,-1,-1
34,1136272204,2,922,1,20,74696,1,172800,-1,1,U1030S0,G1,X1,Q5,1,clrlcgce01,clrlcgce01,-1,-1,-1,-1,-1,-1,-1,-1,-1,-1,-1
35,1136272205,1580,912,1,20,117784,1,172800,-1,1,U2031S1,G1,X1,Q6,1,clrlcgce02,clrlcgce02,-1,-1,-1,-1,-1,-1,-1,-1,-1,-1,-1
36,1136274078,1,19143,1,18070,490916,1,259200,-1,1,U1033S0,G6,X1,Q4,1,clrlcgce01,clrlcgce01,-1,-1,-1,-1,-1,-1,-1,-1,-1,-1,-1
37,1136274080,2,19432,1,18657,470052,1,259200,-1,1,U1033S0,G6,X1,Q4,1,clrlcgce01,clrlcgce01,-1,-1,-1,-1,-1,-1,-1,-1,-1,-1,-1
38,1136274120,1,476,1,239,961104,1,31980,614400,5,U2003S1,G3,X1,Q5,1,clrlcgce02,clrlcgce02,-1,-1,-1,-1,-1,-1,-1,-1,-1,-1,-1
39,1136274123,1,473,1,198,937320,1,31980,614400,5,U2003S1,G3,X1,Q5,1,clrlcgce02,clrlcgce02,-1,-1,-1,-1,-1,-1,-1,-1,-1,-1,-1
40,1136274123,1,59,1,11,7740,1,19980,614400,1,U2003S1,G3,X1,Q5,1,clrlcgce02,clrlcgce02,-1,-1,-1,-1,-1,-1,-1,-1,-1,-1,-1
41,1136274241,1,501,1,245,965184,1,31980,614400,5,U2003S1,G3,X1,Q5,1,clrlcgce02,clrlcgce02,-1,-1,-1,-1,-1,-1,-1,-1,-1,-1,-1
42,1136274244,1,498,1,250,956288,1,31980,614400,5,U2003S1,G3,X1,Q5,1,clrlcgce02,clrlcgce02,-1,-1,-1,-1,-1,-1,-1,-1,-1,-1,-1
43,1136274600,1,595,1,215,958608,1,31980,614400,5,U2003S1,G3,X1,Q5,1,clrlcgce02,clrlcgce02,-1,-1,-1,-1,-1,-1,-1,-1,-1,-1,-1
44,1136274607,0,602,1,280,935536,1,31980,614400,5,U2003S1,G3,X1,Q5,1,clrlcgce02,clrlcgce02,-1,-1,-1,-1,-1,-1,-1,-1,-1,-1,-1
45,1136274607,0,602,1,222,984764,1,31980,614400,5,U2003S1,G3,X1,Q5,1,clrlcgce02,clrlcgce02,-1,-1,-1,-1,-1,-1,-1,-1,-1,-1,-1
46,1136274607,1,602,1,253,950132,1,31980,614400,5,U2003S1,G3,X1,Q5,1,clrlcgce02,clrlcgce02,-1,-1,-1,-1,-1,-1,-1,-1,-1,-1,-1
47,1136274609,1,599,1,206,951048,1,31980,614400,5,U2003S1,G3,X1,Q5,1,clrlcgce02,clrlcgce02,-1,-1,-1,-1,-1,-1,-1,-1,-1,-1,-1
48,1136274609,1,599,1,215,951844,1,31980,614400,5,U2003S1,G3,X1,Q5,1,clrlcgce02,clrlcgce02,-1,-1,-1,-1,-1,-1,-1,-1,-1,-1,-1
49,1136274609,1,599,1,201,943396,1,31980,614400,5,U2003S1,G3,X1,Q5,1,clrlcgce02,clrlcgce02,-1,-1,-1,-1,-1,-1,-1,-1,-1,-1,-1
50,1136274611,1,597,1,210,953368,1,31980,614400,5,U2003S1,G3,X1,Q5,1,clrlcgce02,clrlcgce02,-1,-1,-1,-1,-1,-1,-1,-1,-1,-1,-1
51,1136274611,1,461,1,162,938652,1,31980,614400,5,U2003S1,G3,X1,Q5,1,clrlcgce02,clrlcgce02,-1,-1,-1,-1,-1,-1,-1,-1,-1,-1,-1
52,1136274611,1,597,1,279,949680,1,31980,614400,5,U2003S1,G3,X1,Q5,1,clrlcgce02,clrlcgce02,-1,-1,-1,-1,-1,-1,-1,-1,-1,-1,-1
53,1136274841,1,641,1,240,951624,1,31980,614400,5,U2003S1,G3,X1,Q5,1,clrlcgce02,clrlcgce02,-1,-1,-1,-1,-1,-1,-1,-1,-1,-1,-1
54,1136274847,2,505,1,173,944424,1,31980,614400,5,U2003S1,G3,X1,Q5,1,clrlcgce02,clrlcgce02,-1,-1,-1,-1,-1,-1,-1,-1,-1,-1,-1
55,1136274848,1,575,1,175,951172,1,31980,614400,5,U2003S1,G3,X1,Q5,1,clrlcgce02,clrlcgce02,-1,-1,-1,-1,-1,-1,-1,-1,-1,-1,-1
56,1136274848,1,610,1,251,952884,1,31980,614400,5,U2003S1,G3,X1,Q5,1,clrlcgce02,clrlcgce02,-1,-1,-1,-1,-1,-1,-1,-1,-1,-1,-1
57,1136274849,1,946,1,314,959352,1,31980,614400,5,U2003S1,G3,X1,Q5,1,clrlcgce02,clrlcgce02,-1,-1,-1,-1,-1,-1,-1,-1,-1,-1,-1
58,1136274850,0,574,1,258,959928,1,31980,614400,5,U2003S1,G3,X1,Q5,1,clrlcgce02,clrlcgce02,-1,-1,-1,-1,-1,-1,-1,-1,-1,-1,-1
59,1136274850,0,923,1,503,977304,1,31980,614400,5,U2003S1,G3,X1,Q5,1,clrlcgce02,clrlcgce02,-1,-1,-1,-1,-1,-1,-1,-1,-1,-1,-1
60,1136274851,1,537,1,205,941008,1,31980,614400,5,U2003S1,G3,X1,Q5,1,clrlcgce02,clrlcgce02,-1,-1,-1,-1,-1,-1,-1,-1,-1,-1,-1
61,1136274852,1,920,1,478,983184,1,31980,614400,5,U2003S1,G3,X1,Q5,1,clrlcgce02,clrlcgce02,-1,-1,-1,-1,-1,-1,-1,-1,-1,-1,-1
62,1136276129,1,4,1,2,0,1,5400,-1,1,U2022S1,G1,X1,Q7,1,clrlcgce02,clrlcgce02,-1,-1,-1,-1,-1,-1,-1,-1,-1,-1,-1
63,1136276271,1,6,1,2,0,1,5400,-1,1,U1018S0,G1,X1,Q6,1,clrlcgce01,clrlcgce01,-1,-1,-1,-1,-1,-1,-1,-1,-1,-1,-1
64,1136276453,2,886,1,206,952520,1,31980,614400,5,U2003S1,G3,X1,Q5,1,clrlcgce02,clrlcgce02,-1,-1,-1,-1,-1,-1,-1,-1,-1,-1,-1
65,1136276459,1,677,1,177,949400,1,31980,614400,5,U2003S1,G3,X1,Q5,1,clrlcgce02,clrlcgce02,-1,-1,-1,-1,-1,-1,-1,-1,-1,-1,-1
66,1136276459,1,749,1,250,947544,1,31980,614400,5,U2003S1,G3,X1,Q5,1,clrlcgce02,clrlcgce02,-1,-1,-1,-1,-1,-1,-1,-1,-1,-1,-1
67,1136276459,1,749,1,247,952104,1,31980,614400,5,U2003S1,G3,X1,Q5,1,clrlcgce02,clrlcgce02,-1,-1,-1,-1,-1,-1,-1,-1,-1,-1,-1
68,1136276465,0,709,1,193,947276,1,31980,614400,5,U2003S1,G3,X1,Q5,1,clrlcgce02,clrlcgce02,-1,-1,-1,-1,-1,-1,-1,-1,-1,-1,-1
69,1136276465,0,815,1,264,950812,1,31980,614400,5,U2003S1,G3,X1,Q5,1,clrlcgce02,clrlcgce02,-1,-1,-1,-1,-1,-1,-1,-1,-1,-1,-1
70,1136276465,0,815,1,251,951184,1,31980,614400,5,U2003S1,G3,X1,Q5,1,clrlcgce02,clrlcgce02,-1,-1,-1,-1,-1,-1,-1,-1,-1,-1,-1
71,1136276469,1,667,1,170,938420,1,31980,614400,5,U2003S1,G3,X1,Q5,1,clrlcgce02,clrlcgce02,-1,-1,-1,-1,-1,-1,-1,-1,-1,-1,-1
72,1136276469,1,810,1,263,965428,1,31980,614400,5,U2003S1,G3,X1,Q5,1,clrlcgce02,clrlcgce02,-1,-1,-1,-1,-1,-1,-1,-1,-1,-1,-1
73,1136276469,1,810,1,243,958272,1,31980,614400,5,U2003S1,G3,X1,Q5,1,clrlcgce02,clrlcgce02,-1,-1,-1,-1,-1,-1,-1,-1,-1,-1,-1
74,1136276474,1,923,1,260,956108,1,31980,614400,5,U2003S1,G3,X1,Q5,1,clrlcgce02,clrlcgce02,-1,-1,-1,-1,-1,-1,-1,-1,-1,-1,-1
75,1136276474,1,823,1,162,916344,1,31980,614400,5,U2003S1,G3,X1,Q5,1,clrlcgce02,clrlcgce02,-1,-1,-1,-1,-1,-1,-1,-1,-1,-1,-1
76,1136276479,1,403,1,199,951268,1,31980,614400,5,U2003S1,G3,X1,Q5,1,clrlcgce02,clrlcgce02,-1,-1,-1,-1,-1,-1,-1,-1,-1,-1,-1
77,1136276479,2,785,1,259,955508,1,31980,614400,5,U2003S1,G3,X1,Q5,1,clrlcgce02,clrlcgce02,-1,-1,-1,-1,-1,-1,-1,-1,-1,-1,-1
78,1136276479,1,681,1,170,945340,1,31980,614400,5,U2003S1,G3,X1,Q5,1,clrlcgce02,clrlcgce02,-1,-1,-1,-1,-1,-1,-1,-1,-1,-1,-1
79,1136276516,2,620,1,173,944720,1,31980,614400,5,U2003S1,G3,X1,Q5,1,clrlcgce02,clrlcgce02,-1,-1,-1,-1,-1,-1,-1,-1,-1,-1,-1
80,1136276516,1,480,1,237,966640,1,31980,614400,5,U2003S1,G3,X1,Q5,1,clrlcgce02,clrlcgce02,-1,-1,-1,-1,-1,-1,-1,-1,-1,-1,-1
81,1136276517,0,726,1,273,954628,1,31980,614400,5,U2003S1,G3,X1,Q5,1,clrlcgce02,clrlcgce02,-1,-1,-1,-1,-1,-1,-1,-1,-1,-1,-1
82,1136276518,1,724,1,243,951976,1,31980,614400,5,U2003S1,G3,X1,Q5,1,clrlcgce02,clrlcgce02,-1,-1,-1,-1,-1,-1,-1,-1,-1,-1,-1
83,1136276518,1,690,1,237,946980,1,31980,614400,5,U2003S1,G3,X1,Q5,1,clrlcgce02,clrlcgce02,-1,-1,-1,-1,-1,-1,-1,-1,-1,-1,-1
84,1136276521,2,720,1,266,956664,1,31980,614400,5,U2003S1,G3,X1,Q5,1,clrlcgce02,clrlcgce02,-1,-1,-1,-1,-1,-1,-1,-1,-1,-1,-1
85,1136276522,1,686,1,247,952228,1,31980,614400,5,U2003S1,G3,X1,Q5,1,clrlcgce02,clrlcgce02,-1,-1,-1,-1,-1,-1,-1,-1,-1,-1,-1
86,1136276522,1,720,1,267,950800,1,31980,614400,5,U2003S1,G3,X1,Q5,1,clrlcgce02,clrlcgce02,-1,-1,-1,-1,-1,-1,-1,-1,-1,-1,-1
87,1136276523,1,438,1,209,944552,1,31980,614400,5,U2003S1,G3,X1,Q5,1,clrlcgce02,clrlcgce02,-1,-1,-1,-1,-1,-1,-1,-1,-1,-1,-1
88,1136276523,1,685,1,208,945992,1,31980,614400,5,U2003S1,G3,X1,Q5,1,clrlcgce02,clrlcgce02,-1,-1,-1,-1,-1,-1,-1,-1,-1,-1,-1
89,1136276771,1,1856,1,8,59652,1,31980,614400,1,U2003S1,G3,X1,Q5,1,clrlcgce02,clrlcgce02,-1,-1,-1,-1,-1,-1,-1,-1,-1,-1,-1
90,1136276771,0,1853,1,8,57124,1,31980,614400,1,U2003S1,G3,X1,Q5,1,clrlcgce02,clrlcgce02,-1,-1,-1,-1,-1,-1,-1,-1,-1,-1,-1
91,1136276771,0,1855,1,9,59664,1,31980,614400,1,U2003S1,G3,X1,Q5,1,clrlcgce02,clrlcgce02,-1,-1,-1,-1,-1,-1,-1,-1,-1,-1,-1
92,1136276772,1,436,1,208,962728,1,31980,614400,5,U2003S1,G3,X1,Q5,1,clrlcgce02,clrlcgce02,-1,-1,-1,-1,-1,-1,-1,-1,-1,-1,-1
93,1136276773,1,1856,1,9,57172,1,31980,614400,1,U2003S1,G3,X1,Q5,1,clrlcgce02,clrlcgce02,-1,-1,-1,-1,-1,-1,-1,-1,-1,-1,-1
94,1136276997,1,413,1,210,953524,1,31980,614400,5,U2003S1,G3,X1,Q5,1,clrlcgce02,clrlcgce02,-1,-1,-1,-1,-1,-1,-1,-1,-1,-1,-1
95,1136276997,1,448,1,226,958916,1,31980,614400,5,U2003S1,G3,X1,Q5,1,clrlcgce02,clrlcgce02,-1,-1,-1,-1,-1,-1,-1,-1,-1,-1,-1
96,1136276998,1,1856,1,9,86104,1,31980,614400,1,U2003S1,G3,X1,Q5,1,clrlcgce02,clrlcgce02,-1,-1,-1,-1,-1,-1,-1,-1,-1,-1,-1
97,1136277000,1,1850,1,9,57152,1,31980,614400,1,U2003S1,G3,X1,Q5,1,clrlcgce02,clrlcgce02,-1,-1,-1,-1,-1,-1,-1,-1,-1,-1,-1
98,1136277000,1,1854,1,10,66828,1,31980,614400,1,U2003S1,G3,X1,Q5,1,clrlcgce02,clrlcgce02,-1,-1,-1,-1,-1,-1,-1,-1,-1,-1,-1
99,1136277003,0,1850,1,9,57172,1,31980,614400,1,U2003S1,G3,X1,Q5,1,clrlcgce02,clrlcgce02,-1,-1,-1,-1,-1,-1,-1,-1,-1,-1,-1
100,1136277003,0,483,1,260,952220,1,31980,614400,5,U2003S1,G3,X1,Q5,1,clrlcgce02,clrlcgce02,-1,-1,-1,-1,-1,-1,-1,-1,-1,-1,-1
101,1136277003,136,1849,1,9,57172,1,31980,614400,1,U2003S1,G3,X1,Q5,1,clrlcgce02,clrlcgce02,-1,-1,-1,-1,-1,-1,-1,-1,-1,-1,-1
102,1136277005,134,1849,1,9,57156,1,31980,614400,1,U2003S1,G3,X1,Q5,1,clrlcgce02,clrlcgce02,-1,-1,-1,-1,-1,-1,-1,-1,-1,-1,-1
103,1136277005,134,1849,1,8,57144,1,31980,614400,1,U2003S1,G3,X1,Q5,1,clrlcgce02,clrlcgce02,-1,-1,-1,-1,-1,-1,-1,-1,-1,-1,-1
104,1136277297,1,1849,1,8,59140,1,31980,614400,1,U2003S1,G3,X1,Q5,1,clrlcgce02,clrlcgce02,-1,-1,-1,-1,-1,-1,-1,-1,-1,-1,-1
105,1136277297,1,1850,1,8,58156,1,31980,614400,1,U2003S1,G3,X1,Q5,1,clrlcgce02,clrlcgce02,-1,-1,-1,-1,-1,-1,-1,-1,-1,-1,-1
106,1136277297,1,1850,1,8,57136,1,31980,614400,1,U2003S1,G3,X1,Q5,1,clrlcgce02,clrlcgce02,-1,-1,-1,-1,-1,-1,-1,-1,-1,-1,-1
107,1136277300,1,1853,1,8,57196,1,31980,614400,1,U2003S1,G3,X1,Q5,1,clrlcgce02,clrlcgce02,-1,-1,-1,-1,-1,-1,-1,-1,-1,-1,-1
108,1136277300,1,1852,1,8,57192,1,31980,614400,1,U2003S1,G3,X1,Q5,1,clrlcgce02,clrlcgce02,-1,-1,-1,-1,-1,-1,-1,-1,-1,-1,-1
109,1136277309,1,1851,1,8,59932,1,31980,614400,1,U2003S1,G3,X1,Q5,1,clrlcgce02,clrlcgce02,-1,-1,-1,-1,-1,-1,-1,-1,-1,-1,-1
110,1136277309,1,442,1,238,958504,1,31980,614400,5,U2003S1,G3,X1,Q5,1,clrlcgce02,clrlcgce02,-1,-1,-1,-1,-1,-1,-1,-1,-1,-1,-1
111,1136277309,1,1850,1,8,57136,1,31980,614400,1,U2003S1,G3,X1,Q5,1,clrlcgce02,clrlcgce02,-1,-1,-1,-1,-1,-1,-1,-1,-1,-1,-1
112,1136277311,1,1852,1,9,57164,1,31980,614400,1,U2003S1,G3,X1,Q5,1,clrlcgce02,clrlcgce02,-1,-1,-1,-1,-1,-1,-1,-1,-1,-1,-1
113,1136277311,2,1852,1,8,59928,1,31980,614400,1,U2003S1,G3,X1,Q5,1,clrlcgce02,clrlcgce02,-1,-1,-1,-1,-1,-1,-1,-1,-1,-1,-1
114,1136277321,3,4,1,3,0,1,5400,-1,1,U2024S1,G1,X1,Q7,1,clrlcgce02,clrlcgce02,-1,-1,-1,-1,-1,-1,-1,-1,-1,-1,-1
115,1136277464,0,1856,1,8,59896,1,31980,614400,1,U2003S1,G3,X1,Q5,1,clrlcgce02,clrlcgce02,-1,-1,-1,-1,-1,-1,-1,-1,-1,-1,-1
116,1136277464,0,437,1,199,953588,1,31980,614400,5,U2003S1,G3,X1,Q5,1,clrlcgce02,clrlcgce02,-1,-1,-1,-1,-1,-1,-1,-1,-1,-1,-1
117,1136277769,1,1850,1,9,57040,1,31980,614400,1,U2003S1,G3,X1,Q5,1,clrlcgce02,clrlcgce02,-1,-1,-1,-1,-1,-1,-1,-1,-1,-1,-1
118,1136277772,0,1851,1,9,57164,1,31980,614400,1,U2003S1,G3,X1,Q5,1,clrlcgce02,clrlcgce02,-1,-1,-1,-1,-1,-1,-1,-1,-1,-1,-1
119,1136277772,0,1851,1,9,59928,1,31980,614400,1,U2003S1,G3,X1,Q5,1,clrlcgce02,clrlcgce02,-1,-1,-1,-1,-1,-1,-1,-1,-1,-1,-1
120,1136277772,1,462,1,243,955412,1,31980,614400,5,U2003S1,G3,X1,Q5,1,clrlcgce02,clrlcgce02,-1,-1,-1,-1,-1,-1,-1,-1,-1,-1,-1
121,1136277773,1,1852,1,9,59872,1,31980,614400,1,U2003S1,G3,X1,Q5,1,clrlcgce02,clrlcgce02,-1,-1,-1,-1,-1,-1,-1,-1,-1,-1,-1
122,1136277777,1,1854,1,8,59864,1,31980,614400,1,U2003S1,G3,X1,Q5,1,clrlcgce02,clrlcgce02,-1,-1,-1,-1,-1,-1,-1,-1,-1,-1,-1
123,1136277777,1,1854,1,9,59852,1,31980,614400,1,U2003S1,G3,X1,Q5,1,clrlcgce02,clrlcgce02,-1,-1,-1,-1,-1,-1,-1,-1,-1,-1,-1
124,1136277778,0,1854,1,8,59876,1,31980,614400,1,U2003S1,G3,X1,Q5,1,clrlcgce02,clrlcgce02,-1,-1,-1,-1,-1,-1,-1,-1,-1,-1,-1
125,1136277780,0,1852,1,8,59952,1,31980,614400,1,U2003S1,G3,X1,Q5,1,clrlcgce02,clrlcgce02,-1,-1,-1,-1,-1,-1,-1,-1,-1,-1,-1
126,1136277780,0,398,1,165,918888,1,31980,614400,5,U2003S1,G3,X1,Q5,1,clrlcgce02,clrlcgce02,-1,-1,-1,-1,-1,-1,-1,-1,-1,-1,-1
127,1136277985,2425554,20,1,0,0,1,900,-1,1,U5005S3,G1,X1,Q3,1,iut15,iut15,-1,-1,-1,-1,-1,-1,-1,-1,-1,-1,-1
128,1136278069,1,431,1,206,951192,1,31980,614400,5,U2003S1,G3,X1,Q5,1,clrlcgce02,clrlcgce02,-1,-1,-1,-1,-1,-1,-1,-1,-1,-1,-1
129,1136278069,1,466,1,241,955900,1,31980,614400,5,U2003S1,G3,X1,Q5,1,clrlcgce02,clrlcgce02,-1,-1,-1,-1,-1,-1,-1,-1,-1,-1,-1
130,1136278069,1,1850,1,8,59880,1,31980,614400,1,U2003S1,G3,X1,Q5,1,clrlcgce02,clrlcgce02,-1,-1,-1,-1,-1,-1,-1,-1,-1,-1,-1
131,1136278071,109,496,1,263,955780,1,31980,614400,5,U2003S1,G3,X1,Q5,1,clrlcgce02,clrlcgce02,-1,-1,-1,-1,-1,-1,-1,-1,-1,-1,-1
132,1136278072,165,1847,1,8,57168,1,31980,614400,1,U2003S1,G3,X1,Q5,1,clrlcgce02,clrlcgce02,-1,-1,-1,-1,-1,-1,-1,-1,-1,-1,-1
133,1136278079,424,1852,1,9,57156,1,31980,614400,1,U2003S1,G3,X1,Q5,1,clrlcgce02,clrlcgce02,-1,-1,-1,-1,-1,-1,-1,-1,-1,-1,-1
134,1136278079,459,1851,1,8,57108,1,31980,614400,1,U2003S1,G3,X1,Q5,1,clrlcgce02,clrlcgce02,-1,-1,-1,-1,-1,-1,-1,-1,-1,-1,-1
135,1136278079,547,1849,1,8,57052,1,31980,614400,1,U2003S1,G3,X1,Q5,1,clrlcgce02,clrlcgce02,-1,-1,-1,-1,-1,-1,-1,-1,-1,-1,-1
136,1136278585,43,1850,1,9,59888,1,31980,614400,1,U2003S1,G3,X1,Q5,1,clrlcgce02,clrlcgce02,-1,-1,-1,-1,-1,-1,-1,-1,-1,-1,-1
137,1136278585,44,404,1,196,956724,1,31980,614400,5,U2003S1,G3,X1,Q5,1,clrlcgce02,clrlcgce02,-1,-1,-1,-1,-1,-1,-1,-1,-1,-1,-1
138,1136278585,47,1851,1,10,57160,1,31980,614400,1,U2003S1,G3,X1,Q5,1,clrlcgce02,clrlcgce02,-1,-1,-1,-1,-1,-1,-1,-1,-1,-1,-1
139,1136278586,6,11,1,3,36968,1,172800,-1,1,U1023S0,G1,X1,Q5,1,clrlcgce01,clrlcgce01,-1,-1,-1,-1,-1,-1,-1,-1,-1,-1,-1
140,1136278587,91,1852,1,9,57152,1,31980,614400,1,U2003S1,G3,X1,Q5,1,clrlcgce02,clrlcgce02,-1,-1,-1,-1,-1,-1,-1,-1,-1,-1,-1
141,1136278587,265,1849,1,8,57148,1,31980,614400,1,U2003S1,G3,X1,Q5,1,clrlcgce02,clrlcgce02,-1,-1,-1,-1,-1,-1,-1,-1,-1,-1,-1
142,1136278924,1,1850,1,9,59884,1,31980,614400,1,U2003S1,G3,X1,Q5,1,clrlcgce02,clrlcgce02,-1,-1,-1,-1,-1,-1,-1,-1,-1,-1,-1
143,1136278927,2,1851,1,8,59888,1,31980,614400,1,U2003S1,G3,X1,Q5,1,clrlcgce02,clrlcgce02,-1,-1,-1,-1,-1,-1,-1,-1,-1,-1,-1
144,1136279143,1,1880,1,1583,393000,1,259200,-1,1,U1034S0,G4,X1,Q3,1,clrlcgce01,clrlcgce01,-1,-1,-1,-1,-1,-1,-1,-1,-1,-1,-1
145,1136279156,1,1855,1,1572,378188,1,259200,-1,1,U2037S1,G4,X1,Q1,1,clrlcgce02,clrlcgce02,-1,-1,-1,-1,-1,-1,-1,-1,-1,-1,-1
146,1136279288,2,1850,1,9,59876,1,31980,614400,1,U2003S1,G3,X1,Q5,1,clrlcgce02,clrlcgce02,-1,-1,-1,-1,-1,-1,-1,-1,-1,-1,-1
147,1136279289,1,1851,1,8,57060,1,31980,614400,1,U2003S1,G3,X1,Q5,1,clrlcgce02,clrlcgce02,-1,-1,-1,-1,-1,-1,-1,-1,-1,-1,-1
148,1136279289,1,1851,1,8,57168,1,31980,614400,1,U2003S1,G3,X1,Q5,1,clrlcgce02,clrlcgce02,-1,-1,-1,-1,-1,-1,-1,-1,-1,-1,-1
149,1136279290,2,465,1,239,972600,1,31980,614400,5,U2003S1,G3,X1,Q5,1,clrlcgce02,clrlcgce02,-1,-1,-1,-1,-1,-1,-1,-1,-1,-1,-1
150,1136279597,2,3,1,2,0,1,5400,-1,1,U2024S1,G1,X1,Q7,1,clrlcgce02,clrlcgce02,-1,-1,-1,-1,-1,-1,-1,-1,-1,-1,-1
151,1136279644,0,1852,1,10,57172,1,31980,614400,1,U2003S1,G3,X1,Q5,1,clrlcgce02,clrlcgce02,-1,-1,-1,-1,-1,-1,-1,-1,-1,-1,-1
152,1136279644,1,1849,1,8,57140,1,31980,614400,1,U2003S1,G3,X1,Q5,1,clrlcgce02,clrlcgce02,-1,-1,-1,-1,-1,-1,-1,-1,-1,-1,-1
153,1136279644,1,1849,1,8,57048,1,31980,614400,1,U2003S1,G3,X1,Q5,1,clrlcgce02,clrlcgce02,-1,-1,-1,-1,-1,-1,-1,-1,-1,-1,-1
154,1136279647,0,1853,1,8,59860,1,31980,614400,1,U2003S1,G3,X1,Q5,1,clrlcgce02,clrlcgce02,-1,-1,-1,-1,-1,-1,-1,-1,-1,-1,-1
155,1136279647,1,1852,1,8,59916,1,31980,614400,1,U2003S1,G3,X1,Q5,1,clrlcgce02,clrlcgce02,-1,-1,-1,-1,-1,-1,-1,-1,-1,-1,-1
156,1136280124,1,506,1,267,952944,1,31980,614400,5,U2003S1,G3,X1,Q5,1,clrlcgce02,clrlcgce02,-1,-1,-1,-1,-1,-1,-1,-1,-1,-1,-1
157,1136280131,1,1852,1,8,57092,1,31980,614400,1,U2003S1,G3,X1,Q5,1,clrlcgce02,clrlcgce02,-1,-1,-1,-1,-1,-1,-1,-1,-1,-1,-1
158,1136280131,1,1852,1,8,59912,1,31980,614400,1,U2003S1,G3,X1,Q5,1,clrlcgce02,clrlcgce02,-1,-1,-1,-1,-1,-1,-1,-1,-1,-1,-1
159,1136280131,1,1852,1,8,57136,1,31980,614400,1,U2003S1,G3,X1,Q5,1,clrlcgce02,clrlcgce02,-1,-1,-1,-1,-1,-1,-1,-1,-1,-1,-1
160,1136280133,1,1850,1,8,57164,1,31980,614400,1,U2003S1,G3,X1,Q5,1,clrlcgce02,clrlcgce02,-1,-1,-1,-1,-1,-1,-1,-1,-1,-1,-1
161,1136280133,1,1850,1,8,59892,1,31980,614400,1,U2003S1,G3,X1,Q5,1,clrlcgce02,clrlcgce02,-1,-1,-1,-1,-1,-1,-1,-1,-1,-1,-1
162,1136280133,2,1853,1,8,59896,1,31980,614400,1,U2003S1,G3,X1,Q5,1,clrlcgce02,clrlcgce02,-1,-1,-1,-1,-1,-1,-1,-1,-1,-1,-1
163,1136280135,1,1853,1,8,59924,1,31980,614400,1,U2003S1,G3,X1,Q5,1,clrlcgce02,clrlcgce02,-1,-1,-1,-1,-1,-1,-1,-1,-1,-1,-1
164,1136280135,1,1853,1,8,59940,1,31980,614400,1,U2003S1,G3,X1,Q5,1,clrlcgce02,clrlcgce02,-1,-1,-1,-1,-1,-1,-1,-1,-1,-1,-1
165,1136280136,0,1854,1,9,57128,1,31980,614400,1,U2003S1,G3,X1,Q5,1,clrlcgce02,clrlcgce02,-1,-1,-1,-1,-1,-1,-1,-1,-1,-1,-1
166,1136280244,2,1849,1,8,59828,1,31980,614400,1,U2003S1,G3,X1,Q5,1,clrlcgce02,clrlcgce02,-1,-1,-1,-1,-1,-1,-1,-1,-1,-1,-1
167,1136280423,1,1850,1,8,59868,1,31980,614400,1,U2003S1,G3,X1,Q5,1,clrlcgce02,clrlcgce02,-1,-1,-1,-1,-1,-1,-1,-1,-1,-1,-1
168,1136280424,0,1850,1,9,57132,1,31980,614400,1,U2003S1,G3,X1,Q5,1,clrlcgce02,clrlcgce02,-1,-1,-1,-1,-1,-1,-1,-1,-1,-1,-1
169,1136280424,0,369,1,155,888816,1,31980,614400,5,U2003S1,G3,X1,Q5,1,clrlcgce02,clrlcgce02,-1,-1,-1,-1,-1,-1,-1,-1,-1,-1,-1
170,1136280425,1,1850,1,8,57196,1,31980,614400,1,U2003S1,G3,X1,Q5,1,clrlcgce02,clrlcgce02,-1,-1,-1,-1,-1,-1,-1,-1,-1,-1,-1
171,1136280724,0,1851,1,8,58212,1,31980,614400,1,U2003S1,G3,X1,Q5,1,clrlcgce02,clrlcgce02,-1,-1,-1,-1,-1,-1,-1,-1,-1,-1,-1
172,1136280724,0,505,1,284,953248,1,31980,614400,5,U2003S1,G3,X1,Q5,1,clrlcgce02,clrlcgce02,-1,-1,-1,-1,-1,-1,-1,-1,-1,-1,-1
173,1136280724,0,1849,1,9,59904,1,31980,614400,1,U2003S1,G3,X1,Q5,1,clrlcgce02,clrlcgce02,-1,-1,-1,-1,-1,-1,-1,-1,-1,-1,-1
174,1136280726,0,1851,1,9,57136,1,31980,614400,1,U2003S1,G3,X1,Q5,1,clrlcgce02,clrlcgce02,-1,-1,-1,-1,-1,-1,-1,-1,-1,-1,-1
175,1136280726,0,960,1,202,954548,1,31980,614400,5,U2003S1,G3,X1,Q5,1,clrlcgce02,clrlcgce02,-1,-1,-1,-1,-1,-1,-1,-1,-1,-1,-1
176,1136280731,1,402,1,181,932792,1,31980,614400,5,U2003S1,G3,X1,Q5,1,clrlcgce02,clrlcgce02,-1,-1,-1,-1,-1,-1,-1,-1,-1,-1,-1
177,1136280731,1,1850,1,9,57148,1,31980,614400,1,U2003S1,G3,X1,Q5,1,clrlcgce02,clrlcgce02,-1,-1,-1,-1,-1,-1,-1,-1,-1,-1,-1
178,1136280731,1,1851,1,10,59816,1,31980,614400,1,U2003S1,G3,X1,Q5,1,clrlcgce02,clrlcgce02,-1,-1,-1,-1,-1,-1,-1,-1,-1,-1,-1
179,1136280733,1,1850,1,9,59900,1,31980,614400,1,U2003S1,G3,X1,Q5,1,clrlcgce02,clrlcgce02,-1,-1,-1,-1,-1,-1,-1,-1,-1,-1,-1
180,1136280733,1,1850,1,8,59856,1,31980,614400,1,U2003S1,G3,X1,Q5,1,clrlcgce02,clrlcgce02,-1,-1,-1,-1,-1,-1,-1,-1,-1,-1,-1
181,1136281263,0,1850,1,8,59932,1,31980,614400,1,U2003S1,G3,X1,Q5,1,clrlcgce02,clrlcgce02,-1,-1,-1,-1,-1,-1,-1,-1,-1,-1,-1
182,1136281263,1,1850,1,8,58720,1,31980,614400,1,U2003S1,G3,X1,Q5,1,clrlcgce02,clrlcgce02,-1,-1,-1,-1,-1,-1,-1,-1,-1,-1,-1
183,1136281263,1,1850,1,7,58212,1,31980,614400,1,U2003S1,G3,X1,Q5,1,clrlcgce02,clrlcgce02,-1,-1,-1,-1,-1,-1,-1,-1,-1,-1,-1
184,1136281265,1,1850,1,8,59836,1,31980,614400,1,U2003S1,G3,X1,Q5,1,clrlcgce02,clrlcgce02,-1,-1,-1,-1,-1,-1,-1,-1,-1,-1,-1
185,1136281265,1,1851,1,8,57120,1,31980,614400,1,U2003S1,G3,X1,Q5,1,clrlcgce02,clrlcgce02,-1,-1,-1,-1,-1,-1,-1,-1,-1,-1,-1
186,1136281266,1,1852,1,8,57140,1,31980,614400,1,U2003S1,G3,X1,Q5,1,clrlcgce02,clrlcgce02,-1,-1,-1,-1,-1,-1,-1,-1,-1,-1,-1
187,1136281267,1,1851,1,10,59896,1,31980,614400,1,U2003S1,G3,X1,Q5,1,clrlcgce02,clrlcgce02,-1,-1,-1,-1,-1,-1,-1,-1,-1,-1,-1
188,1136281267,1,1851,1,9,59868,1,31980,614400,1,U2003S1,G3,X1,Q5,1,clrlcgce02,clrlcgce02,-1,-1,-1,-1,-1,-1,-1,-1,-1,-1,-1
189,1136281268,227,1852,1,8,57144,1,31980,614400,1,U2003S1,G3,X1,Q5,1,clrlcgce02,clrlcgce02,-1,-1,-1,-1,-1,-1,-1,-1,-1,-1,-1
190,1136281269,226,1852,1,8,59924,1,31980,614400,1,U2003S1,G3,X1,Q5,1,clrlcgce02,clrlcgce02,-1,-1,-1,-1,-1,-1,-1,-1,-1,-1,-1
191,1136281685,1,1851,1,8,59920,1,31980,614400,1,U2003S1,G3,X1,Q5,1,clrlcgce02,clrlcgce02,-1,-1,-1,-1,-1,-1,-1,-1,-1,-1,-1
192,1136281692,1,1850,1,9,57168,1,31980,614400,1,U2003S1,G3,X1,Q5,1,clrlcgce02,clrlcgce02,-1,-1,-1,-1,-1,-1,-1,-1,-1,-1,-1
193,1136281692,1,1850,1,9,57164,1,31980,614400,1,U2003S1,G3,X1,Q5,1,clrlcgce02,clrlcgce02,-1,-1,-1,-1,-1,-1,-1,-1,-1,-1,-1
194,1136281692,1,1850,1,8,57180,1,31980,614400,1,U2003S1,G3,X1,Q5,1,clrlcgce02,clrlcgce02,-1,-1,-1,-1,-1,-1,-1,-1,-1,-1,-1
195,1136281695,290,1852,1,8,57228,1,31980,614400,1,U2003S1,G3,X1,Q5,1,clrlcgce02,clrlcgce02,-1,-1,-1,-1,-1,-1,-1,-1,-1,-1,-1
196,1136281695,290,1853,1,8,59892,1,31980,614400,1,U2003S1,G3,X1,Q5,1,clrlcgce02,clrlcgce02,-1,-1,-1,-1,-1,-1,-1,-1,-1,-1,-1
197,1136281695,290,1852,1,8,57160,1,31980,614400,1,U2003S1,G3,X1,Q5,1,clrlcgce02,clrlcgce02,-1,-1,-1,-1,-1,-1,-1,-1,-1,-1,-1
198,1136281697,292,1850,1,8,57148,1,31980,614400,1,U2003S1,G3,X1,Q5,1,clrlcgce02,clrlcgce02,-1,-1,-1,-1,-1,-1,-1,-1,-1,-1,-1
199,1136281697,292,1850,1,8,59860,1,31980,614400,1,U2003S1,G3,X1,Q5,1,clrlcgce02,clrlcgce02,-1,-1,-1,-1,-1,-1,-1,-1,-1,-1,-1
200,1136281697,292,1850,1,8,59884,1,31980,614400,1,U2003S1,G3,X1,Q5,1,clrlcgce02,clrlcgce02,-1,-1,-1,-1,-1,-1,-1,-1,-1,-1,-1
201,1136281923,67,1850,1,10,59844,1,31980,614400,1,U2003S1,G3,X1,Q5,1,clrlcgce02,clrlcgce02,-1,-1,-1,-1,-1,-1,-1,-1,-1,-1,-1
202,1136281923,67,1851,1,8,59900,1,31980,614400,1,U2003S1,G3,X1,Q5,1,clrlcgce02,clrlcgce02,-1,-1,-1,-1,-1,-1,-1,-1,-1,-1,-1
203,1136281923,68,1851,1,8,59744,1,31980,614400,1,U2003S1,G3,X1,Q5,1,clrlcgce02,clrlcgce02,-1,-1,-1,-1,-1,-1,-1,-1,-1,-1,-1
204,1136282195,1,11,1,3,0,1,900,-1,1,U1023S0,G1,X1,Q2,1,clrlcgce01,clrlcgce01,-1,-1,-1,-1,-1,-1,-1,-1,-1,-1,-1
205,1136282277,1,94872,1,94777,152676,1,259200,-1,1,U1012S0,G2,X1,Q9,1,clrlcgce01,clrlcgce01,-1,-1,-1,-1,-1,-1,-1,-1,-1,-1,-1
206,1136282337,1,95505,1,95396,152684,1,259200,-1,1,U1012S0,G2,X1,Q9,1,clrlcgce01,clrlcgce01,-1,-1,-1,-1,-1,-1,-1,-1,-1,-1,-1
207,1136282339,2,95104,1,95008,152708,1,259200,-1,1,U1012S0,G2,X1,Q9,1,clrlcgce01,clrlcgce01,-1,-1,-1,-1,-1,-1,-1,-1,-1,-1,-1
208,1136282398,1,94965,1,94869,152716,1,259200,-1,1,U1012S0,G2,X1,Q9,1,clrlcgce01,clrlcgce01,-1,-1,-1,-1,-1,-1,-1,-1,-1,-1,-1
209,1136282435,1,1850,1,9,57152,1,31980,614400,1,U2003S1,G3,X1,Q5,1,clrlcgce02,clrlcgce02,-1,-1,-1,-1,-1,-1,-1,-1,-1,-1,-1
210,1136282438,1,1860,1,9,57192,1,31980,614400,1,U2003S1,G3,X1,Q5,1,clrlcgce02,clrlcgce02,-1,-1,-1,-1,-1,-1,-1,-1,-1,-1,-1
211,1136282457,1,94762,1,94674,152648,1,259200,-1,1,U1012S0,G2,X1,Q9,1,clrlcgce01,clrlcgce01,-1,-1,-1,-1,-1,-1,-1,-1,-1,-1,-1
212,1136283019,2,68,1,25,88760,1,900,-1,1,U1030S0,G1,X1,Q2,1,clrlcgce01,clrlcgce01,-1,-1,-1,-1,-1,-1,-1,-1,-1,-1,-1
213,1136283028,1,62,1,23,0,1,900,-1,1,U2031S1,G1,X1,Q3,1,clrlcgce02,clrlcgce02,-1,-1,-1,-1,-1,-1,-1,-1,-1,-1,-1
214,1136283249,1,85,1,27,88500,1,900,-1,1,U1019S0,G1,X1,Q2,1,clrlcgce01,clrlcgce01,-1,-1,-1,-1,-1,-1,-1,-1,-1,-1,-1
215,1136283254,1,77,1,26,0,1,900,-1,1,U2025S1,G1,X1,Q3,1,clrlcgce02,clrlcgce02,-1,-1,-1,-1,-1,-1,-1,-1,-1,-1,-1
216,1136283514,2,1853,1,8,59908,1,31980,614400,1,U2003S1,G3,X1,Q5,1,clrlcgce02,clrlcgce02,-1,-1,-1,-1,-1,-1,-1,-1,-1,-1,-1
217,1136283514,2,1853,1,9,57164,1,31980,614400,1,U2003S1,G3,X1,Q5,1,clrlcgce02,clrlcgce02,-1,-1,-1,-1,-1,-1,-1,-1,-1,-1,-1
218,1136283514,2,1853,1,8,57136,1,31980,614400,1,U2003S1,G3,X1,Q5,1,clrlcgce02,clrlcgce02,-1,-1,-1,-1,-1,-1,-1,-1,-1,-1,-1
219,1136283517,0,1852,1,9,59616,1,31980,614400,1,U2003S1,G3,X1,Q5,1,clrlcgce02,clrlcgce02,-1,-1,-1,-1,-1,-1,-1,-1,-1,-1,-1
220,1136283517,1,1851,1,8,57132,1,31980,614400,1,U2003S1,G3,X1,Q5,1,clrlcgce02,clrlcgce02,-1,-1,-1,-1,-1,-1,-1,-1,-1,-1,-1
221,1136283517,0,1852,1,8,59892,1,31980,614400,1,U2003S1,G3,X1,Q5,1,clrlcgce02,clrlcgce02,-1,-1,-1,-1,-1,-1,-1,-1,-1,-1,-1
222,1136283519,1,1851,1,8,59872,1,31980,614400,1,U2003S1,G3,X1,Q5,1,clrlcgce02,clrlcgce02,-1,-1,-1,-1,-1,-1,-1,-1,-1,-1,-1
223,1136283519,1,1851,1,8,59916,1,31980,614400,1,U2003S1,G3,X1,Q5,1,clrlcgce02,clrlcgce02,-1,-1,-1,-1,-1,-1,-1,-1,-1,-1,-1
224,1136283520,0,1850,1,8,57124,1,31980,614400,1,U2003S1,G3,X1,Q5,1,clrlcgce02,clrlcgce02,-1,-1,-1,-1,-1,-1,-1,-1,-1,-1,-1
225,1136283521,1,1850,1,8,59704,1,31980,614400,1,U2003S1,G3,X1,Q5,1,clrlcgce02,clrlcgce02,-1,-1,-1,-1,-1,-1,-1,-1,-1,-1,-1
226,1136283634,1,1850,1,8,59904,1,31980,614400,1,U2003S1,G3,X1,Q5,1,clrlcgce02,clrlcgce02,-1,-1,-1,-1,-1,-1,-1,-1,-1,-1,-1
227,1136283777,1,96079,1,95968,152708,1,259200,-1,1,U1012S0,G2,X1,Q9,1,clrlcgce01,clrlcgce01,-1,-1,-1,-1,-1,-1,-1,-1,-1,-1,-1
228,1136283836,2,93820,1,93723,152796,1,259200,-1,1,U1012S0,G2,X1,Q9,1,clrlcgce01,clrlcgce01,-1,-1,-1,-1,-1,-1,-1,-1,-1,-1,-1
229,1136283840,1,94176,1,94088,152684,1,259200,-1,1,U1012S0,G2,X1,Q9,1,clrlcgce01,clrlcgce01,-1,-1,-1,-1,-1,-1,-1,-1,-1,-1,-1
230,1136283897,2,55794,1,55642,175060,1,259200,-1,0,U1012S0,G2,X1,Q9,1,clrlcgce01,clrlcgce01,-1,-1,-1,-1,-1,-1,-1,-1,-1,-1,-1
231,1136283956,2,56738,1,56688,196084,1,259200,-1,0,U1012S0,G2,X1,Q9,1,clrlcgce01,clrlcgce01,-1,-1,-1,-1,-1,-1,-1,-1,-1,-1,-1
232,1136284016,2,94760,1,94674,152688,1,259200,-1,1,U1012S0,G2,X1,Q9,1,clrlcgce01,clrlcgce01,-1,-1,-1,-1,-1,-1,-1,-1,-1,-1,-1
233,1136284019,1,259302,1,95243,152732,1,259200,-1,0,U1012S0,G2,X1,Q9,1,clrlcgce01,clrlcgce01,-1,-1,-1,-1,-1,-1,-1,-1,-1,-1,-1
234,1136284078,1,95527,1,95264,152700,1,259200,-1,1,U1012S0,G2,X1,Q9,1,clrlcgce01,clrlcgce01,-1,-1,-1,-1,-1,-1,-1,-1,-1,-1,-1
235,1136284137,1,95894,1,95820,152732,1,259200,-1,1,U1012S0,G2,X1,Q9,1,clrlcgce01,clrlcgce01,-1,-1,-1,-1,-1,-1,-1,-1,-1,-1,-1
236,1136284174,0,1853,1,9,57156,1,31980,614400,1,U2003S1,G3,X1,Q5,1,clrlcgce02,clrlcgce02,-1,-1,-1,-1,-1,-1,-1,-1,-1,-1,-1
237,1136284174,0,1850,1,8,57164,1,31980,614400,1,U2003S1,G3,X1,Q5,1,clrlcgce02,clrlcgce02,-1,-1,-1,-1,-1,-1,-1,-1,-1,-1,-1
238,1136284174,3,1851,1,8,57176,1,31980,614400,1,U2003S1,G3,X1,Q5,1,clrlcgce02,clrlcgce02,-1,-1,-1,-1,-1,-1,-1,-1,-1,-1,-1
239,1136284176,1,1851,1,9,57120,1,31980,614400,1,U2003S1,G3,X1,Q5,1,clrlcgce02,clrlcgce02,-1,-1,-1,-1,-1,-1,-1,-1,-1,-1,-1
240,1136284176,1,1850,1,8,57152,1,31980,614400,1,U2003S1,G3,X1,Q5,1,clrlcgce02,clrlcgce02,-1,-1,-1,-1,-1,-1,-1,-1,-1,-1,-1
241,1136284176,1,1851,1,9,59932,1,31980,614400,1,U2003S1,G3,X1,Q5,1,clrlcgce02,clrlcgce02,-1,-1,-1,-1,-1,-1,-1,-1,-1,-1,-1
242,1136284179,1,1850,1,8,57144,1,31980,614400,1,U2003S1,G3,X1,Q5,1,clrlcgce02,clrlcgce02,-1,-1,-1,-1,-1,-1,-1,-1,-1,-1,-1
243,1136284179,1,1850,1,9,57176,1,31980,614400,1,U2003S1,G3,X1,Q5,1,clrlcgce02,clrlcgce02,-1,-1,-1,-1,-1,-1,-1,-1,-1,-1,-1
244,1136284179,1,1850,1,8,57224,1,31980,614400,1,U2003S1,G3,X1,Q5,1,clrlcgce02,clrlcgce02,-1,-1,-1,-1,-1,-1,-1,-1,-1,-1,-1
245,1136284180,1,1851,1,8,57212,1,31980,614400,1,U2003S1,G3,X1,Q5,1,clrlcgce02,clrlcgce02,-1,-1,-1,-1,-1,-1,-1,-1,-1,-1,-1
246,1136284197,1,94101,1,94012,152696,1,259200,-1,1,U1012S0,G2,X1,Q9,1,clrlcgce01,clrlcgce01,-1,-1,-1,-1,-1,-1,-1,-1,-1,-1,-1
247,1136284199,1,94357,1,94267,152656,1,259200,-1,1,U1012S0,G2,X1,Q9,1,clrlcgce01,clrlcgce01,-1,-1,-1,-1,-1,-1,-1,-1,-1,-1,-1
248,1136284257,1,95340,1,95221,152636,1,259200,-1,1,U1012S0,G2,X1,Q9,1,clrlcgce01,clrlcgce01,-1,-1,-1,-1,-1,-1,-1,-1,-1,-1,-1
249,1136284316,2,96566,1,96488,152728,1,259200,-1,1,U1012S0,G2,X1,Q9,1,clrlcgce01,clrlcgce01,-1,-1,-1,-1,-1,-1,-1,-1,-1,-1,-1
250,1136284376,1,95184,1,94833,152868,1,259200,-1,1,U1012S0,G2,X1,Q9,1,clrlcgce01,clrlcgce01,-1,-1,-1,-1,-1,-1,-1,-1,-1,-1,-1
251,1136284436,2,96115,1,96021,152704,1,259200,-1,1,U1012S0,G2,X1,Q9,1,clrlcgce01,clrlcgce01,-1,-1,-1,-1,-1,-1,-1,-1,-1,-1,-1
252,1136284439,1,94775,1,94439,152716,1,259200,-1,1,U1012S0,G2,X1,Q9,1,clrlcgce01,clrlcgce01,-1,-1,-1,-1,-1,-1,-1,-1,-1,-1,-1
253,1136284497,1,95956,1,95862,152744,1,259200,-1,1,U1012S0,G2,X1,Q9,1,clrlcgce01,clrlcgce01,-1,-1,-1,-1,-1,-1,-1,-1,-1,-1,-1
254,1136284556,1,94706,1,94589,152768,1,259200,-1,1,U1012S0,G2,X1,Q9,1,clrlcgce01,clrlcgce01,-1,-1,-1,-1,-1,-1,-1,-1,-1,-1,-1
255,1136284616,2,96514,1,96433,152672,1,259200,-1,1,U1012S0,G2,X1,Q9,1,clrlcgce01,clrlcgce01,-1,-1,-1,-1,-1,-1,-1,-1,-1,-1,-1
256,1136284619,1,95475,1,95398,152640,1,259200,-1,1,U1012S0,G2,X1,Q9,1,clrlcgce01,clrlcgce01,-1,-1,-1,-1,-1,-1,-1,-1,-1,-1,-1
257,1136284678,1,95104,1,95010,152724,1,259200,-1,1,U1012S0,G2,X1,Q9,1,clrlcgce01,clrlcgce01,-1,-1,-1,-1,-1,-1,-1,-1,-1,-1,-1
258,1136284715,1,1853,1,8,59972,1,31980,614400,1,U2003S1,G3,X1,Q5,1,clrlcgce02,clrlcgce02,-1,-1,-1,-1,-1,-1,-1,-1,-1,-1,-1
259,1136284715,1,1853,1,8,57148,1,31980,614400,1,U2003S1,G3,X1,Q5,1,clrlcgce02,clrlcgce02,-1,-1,-1,-1,-1,-1,-1,-1,-1,-1,-1
260,1136284715,1,1853,1,8,59928,1,31980,614400,1,U2003S1,G3,X1,Q5,1,clrlcgce02,clrlcgce02,-1,-1,-1,-1,-1,-1,-1,-1,-1,-1,-1
261,1136284717,0,1852,1,8,57132,1,31980,614400,1,U2003S1,G3,X1,Q5,1,clrlcgce02,clrlcgce02,-1,-1,-1,-1,-1,-1,-1,-1,-1,-1,-1
262,1136284717,0,1852,1,8,59564,1,31980,614400,1,U2003S1,G3,X1,Q5,1,clrlcgce02,clrlcgce02,-1,-1,-1,-1,-1,-1,-1,-1,-1,-1,-1
263,1136284736,1,95802,1,95716,152708,1,259200,-1,1,U1012S0,G2,X1,Q9,1,clrlcgce01,clrlcgce01,-1,-1,-1,-1,-1,-1,-1,-1,-1,-1,-1
264,1136284796,1,95680,1,95598,152700,1,259200,-1,1,U1012S0,G2,X1,Q9,1,clrlcgce01,clrlcgce01,-1,-1,-1,-1,-1,-1,-1,-1,-1,-1,-1
265,1136284799,1,92511,1,92427,152708,1,259200,-1,1,U1012S0,G2,X1,Q9,1,clrlcgce01,clrlcgce01,-1,-1,-1,-1,-1,-1,-1,-1,-1,-1,-1
266,1136284858,1,94746,1,94637,152628,1,259200,-1,1,U1012S0,G2,X1,Q9,1,clrlcgce01,clrlcgce01,-1,-1,-1,-1,-1,-1,-1,-1,-1,-1,-1
267,1136284894,1,1850,1,8,57132,1,31980,614400,1,U2003S1,G3,X1,Q5,1,clrlcgce02,clrlcgce02,-1,-1,-1,-1,-1,-1,-1,-1,-1,-1,-1
268,1136284894,1,1851,1,9,59644,1,31980,614400,1,U2003S1,G3,X1,Q5,1,clrlcgce02,clrlcgce02,-1,-1,-1,-1,-1,-1,-1,-1,-1,-1,-1
269,1136284895,1,1850,1,8,57160,1,31980,614400,1,U2003S1,G3,X1,Q5,1,clrlcgce02,clrlcgce02,-1,-1,-1,-1,-1,-1,-1,-1,-1,-1,-1
270,1136284896,1,1850,1,8,57144,1,31980,614400,1,U2003S1,G3,X1,Q5,1,clrlcgce02,clrlcgce02,-1,-1,-1,-1,-1,-1,-1,-1,-1,-1,-1
271,1136284896,1,1850,1,9,57196,1,31980,614400,1,U2003S1,G3,X1,Q5,1,clrlcgce02,clrlcgce02,-1,-1,-1,-1,-1,-1,-1,-1,-1,-1,-1
272,1136284917,1,95505,1,95419,152680,1,259200,-1,1,U1012S0,G2,X1,Q9,1,clrlcgce01,clrlcgce01,-1,-1,-1,-1,-1,-1,-1,-1,-1,-1,-1
273,1136284977,1,94713,1,94616,152720,1,259200,-1,1,U1012S0,G2,X1,Q9,1,clrlcgce01,clrlcgce01,-1,-1,-1,-1,-1,-1,-1,-1,-1,-1,-1
274,1136284980,1,94582,1,94473,152728,1,259200,-1,1,U1012S0,G2,X1,Q9,1,clrlcgce01,clrlcgce01,-1,-1,-1,-1,-1,-1,-1,-1,-1,-1,-1
275,1136285038,1,94656,1,94343,152764,1,259200,-1,1,U1012S0,G2,X1,Q9,1,clrlcgce01,clrlcgce01,-1,-1,-1,-1,-1,-1,-1,-1,-1,-1,-1
276,1136285097,1,94921,1,94821,152728,1,259200,-1,1,U1012S0,G2,X1,Q9,1,clrlcgce01,clrlcgce01,-1,-1,-1,-1,-1,-1,-1,-1,-1,-1,-1
277,1136285150,2,135828,1,135633,98592,1,259200,-1,1,U2004S1,G3,X1,Q5,1,clrlcgce02,clrlcgce02,-1,-1,-1,-1,-1,-1,-1,-1,-1,-1,-1
278,1136285157,1,259248,1,93959,152784,1,259200,-1,0,U1012S0,G2,X1,Q9,1,clrlcgce01,clrlcgce01,-1,-1,-1,-1,-1,-1,-1,-1,-1,-1,-1
279,1136285217,1,95825,1,95729,152692,1,259200,-1,1,U1012S0,G2,X1,Q9,1,clrlcgce01,clrlcgce01,-1,-1,-1,-1,-1,-1,-1,-1,-1,-1,-1
280,1136285220,1,94839,1,94747,152836,1,259200,-1,1,U1012S0,G2,X1,Q9,1,clrlcgce01,clrlcgce01,-1,-1,-1,-1,-1,-1,-1,-1,-1,-1,-1
281,1136285278,1,94961,1,94872,152804,1,259200,-1,1,U1012S0,G2,X1,Q9,1,clrlcgce01,clrlcgce01,-1,-1,-1,-1,-1,-1,-1,-1,-1,-1,-1
282,1136285336,1,95105,1,95019,152728,1,259200,-1,1,U1012S0,G2,X1,Q9,1,clrlcgce01,clrlcgce01,-1,-1,-1,-1,-1,-1,-1,-1,-1,-1,-1
283,1136285396,1,43,1,3,49260,1,900,-1,1,U1020S0,G1,X1,Q2,1,clrlcgce01,clrlcgce01,-1,-1,-1,-1,-1,-1,-1,-1,-1,-1,-1
284,1136285397,1,94164,1,94044,152680,1,259200,-1,1,U1012S0,G2,X1,Q9,1,clrlcgce01,clrlcgce01,-1,-1,-1,-1,-1,-1,-1,-1,-1,-1,-1
285,1136285456,2,94155,1,94057,152692,1,259200,-1,1,U1012S0,G2,X1,Q9,1,clrlcgce01,clrlcgce01,-1,-1,-1,-1,-1,-1,-1,-1,-1,-1,-1
286,1136285459,1,94168,1,94087,152592,1,259200,-1,1,U1012S0,G2,X1,Q9,1,clrlcgce01,clrlcgce01,-1,-1,-1,-1,-1,-1,-1,-1,-1,-1,-1
287,1136285517,3,95354,1,95271,152656,1,259200,-1,1,U1012S0,G2,X1,Q9,1,clrlcgce01,clrlcgce01,-1,-1,-1,-1,-1,-1,-1,-1,-1,-1,-1
288,1136285576,2,94095,1,94002,152720,1,259200,-1,1,U1012S0,G2,X1,Q9,1,clrlcgce01,clrlcgce01,-1,-1,-1,-1,-1,-1,-1,-1,-1,-1,-1
289,1136285616,1,1853,1,9,59900,1,31980,614400,1,U2003S1,G3,X1,Q5,1,clrlcgce02,clrlcgce02,-1,-1,-1,-1,-1,-1,-1,-1,-1,-1,-1
290,1136285622,1,1850,1,8,59896,1,31980,614400,1,U2003S1,G3,X1,Q5,1,clrlcgce02,clrlcgce02,-1,-1,-1,-1,-1,-1,-1,-1,-1,-1,-1
291,1136285623,0,1850,1,8,59872,1,31980,614400,1,U2003S1,G3,X1,Q5,1,clrlcgce02,clrlcgce02,-1,-1,-1,-1,-1,-1,-1,-1,-1,-1,-1
292,1136285623,0,1850,1,8,59900,1,31980,614400,1,U2003S1,G3,X1,Q5,1,clrlcgce02,clrlcgce02,-1,-1,-1,-1,-1,-1,-1,-1,-1,-1,-1
293,1136285625,1,1851,1,8,57160,1,31980,614400,1,U2003S1,G3,X1,Q5,1,clrlcgce02,clrlcgce02,-1,-1,-1,-1,-1,-1,-1,-1,-1,-1,-1
294,1136285625,1,1851,1,8,59932,1,31980,614400,1,U2003S1,G3,X1,Q5,1,clrlcgce02,clrlcgce02,-1,-1,-1,-1,-1,-1,-1,-1,-1,-1,-1
295,1136285625,1,1850,1,9,59908,1,31980,614400,1,U2003S1,G3,X1,Q5,1,clrlcgce02,clrlcgce02,-1,-1,-1,-1,-1,-1,-1,-1,-1,-1,-1
296,1136285627,1,1850,1,8,59932,1,31980,614400,1,U2003S1,G3,X1,Q5,1,clrlcgce02,clrlcgce02,-1,-1,-1,-1,-1,-1,-1,-1,-1,-1,-1
297,1136285627,1,1850,1,8,59836,1,31980,614400,1,U2003S1,G3,X1,Q5,1,clrlcgce02,clrlcgce02,-1,-1,-1,-1,-1,-1,-1,-1,-1,-1,-1
298,1136285628,1,1850,1,8,59924,1,31980,614400,1,U2003S1,G3,X1,Q5,1,clrlcgce02,clrlcgce02,-1,-1,-1,-1,-1,-1,-1,-1,-1,-1,-1
299,1136285637,1,95220,1,95144,152644,1,259200,-1,1,U1012S0,G2,X1,Q9,1,clrlcgce01,clrlcgce01,-1,-1,-1,-1,-1,-1,-1,-1,-1,-1,-1
300,1136285639,1,93985,1,93894,152688,1,259200,-1,1,U1012S0,G2,X1,Q9,1,clrlcgce01,clrlcgce01,-1,-1,-1,-1,-1,-1,-1,-1,-1,-1,-1
301,1136285698,1,94871,1,94774,152724,1,259200,-1,1,U1012S0,G2,X1,Q9,1,clrlcgce01,clrlcgce01,-1,-1,-1,-1,-1,-1,-1,-1,-1,-1,-1
302,1136285735,1,1849,1,8,58808,1,31980,614400,1,U2003S1,G3,X1,Q5,1,clrlcgce02,clrlcgce02,-1,-1,-1,-1,-1,-1,-1,-1,-1,-1,-1
303,1136285738,1,1851,1,8,59872,1,31980,614400,1,U2003S1,G3,X1,Q5,1,clrlcgce02,clrlcgce02,-1,-1,-1,-1,-1,-1,-1,-1,-1,-1,-1
304,1136285757,1,94862,1,94783,152608,1,259200,-1,1,U1012S0,G2,X1,Q9,1,clrlcgce01,clrlcgce01,-1,-1,-1,-1,-1,-1,-1,-1,-1,-1,-1
305,1136285846,2,96013,1,95931,152704,1,259200,-1,1,U1012S0,G2,X1,Q9,1,clrlcgce01,clrlcgce01,-1,-1,-1,-1,-1,-1,-1,-1,-1,-1,-1
306,1136285849,2,94289,1,94199,152696,1,259200,-1,1,U1012S0,G2,X1,Q9,1,clrlcgce01,clrlcgce01,-1,-1,-1,-1,-1,-1,-1,-1,-1,-1,-1
307,1136285907,1,48992,1,0,0,1,259200,-1,1,U1012S0,G2,X1,Q9,1,clrlcgce01,clrlcgce01,-1,-1,-1,-1,-1,-1,-1,-1,-1,-1,-1
308,1136285966,2,48932,1,0,0,1,259200,-1,1,U1012S0,G2,X1,Q9,1,clrlcgce01,clrlcgce01,-1,-1,-1,-1,-1,-1,-1,-1,-1,-1,-1
309,1136285969,1,94444,1,94358,152692,1,259200,-1,1,U1012S0,G2,X1,Q9,1,clrlcgce01,clrlcgce01,-1,-1,-1,-1,-1,-1,-1,-1,-1,-1,-1
310,1136286026,1,95080,1,94999,152688,1,259200,-1,1,U1012S0,G2,X1,Q9,1,clrlcgce01,clrlcgce01,-1,-1,-1,-1,-1,-1,-1,-1,-1,-1,-1
311,1136286086,1,97514,1,97432,152796,1,259200,-1,1,U1012S0,G2,X1,Q9,1,clrlcgce01,clrlcgce01,-1,-1,-1,-1,-1,-1,-1,-1,-1,-1,-1
312,1136286089,1,96121,1,96039,152688,1,259200,-1,1,U1012S0,G2,X1,Q9,1,clrlcgce01,clrlcgce01,-1,-1,-1,-1,-1,-1,-1,-1,-1,-1,-1
313,1136286147,1,95669,1,95577,152704,1,259200,-1,1,U1012S0,G2,X1,Q9,1,clrlcgce01,clrlcgce01,-1,-1,-1,-1,-1,-1,-1,-1,-1,-1,-1
314,1136286206,1,94485,1,94398,152660,1,259200,-1,1,U1012S0,G2,X1,Q9,1,clrlcgce01,clrlcgce01,-1,-1,-1,-1,-1,-1,-1,-1,-1,-1,-1
315,1136286266,1,95120,1,95033,152692,1,259200,-1,1,U1012S0,G2,X1,Q9,1,clrlcgce01,clrlcgce01,-1,-1,-1,-1,-1,-1,-1,-1,-1,-1,-1
316,1136286269,1,94345,1,94247,152744,1,259200,-1,1,U1012S0,G2,X1,Q9,1,clrlcgce01,clrlcgce01,-1,-1,-1,-1,-1,-1,-1,-1,-1,-1,-1
317,1136286308,1,1852,1,8,59852,1,31980,614400,1,U2003S1,G3,X1,Q5,1,clrlcgce02,clrlcgce02,-1,-1,-1,-1,-1,-1,-1,-1,-1,-1,-1
318,1136286316,1,1851,1,8,59604,1,31980,614400,1,U2003S1,G3,X1,Q5,1,clrlcgce02,clrlcgce02,-1,-1,-1,-1,-1,-1,-1,-1,-1,-1,-1
319,1136286316,1,1851,1,8,59848,1,31980,614400,1,U2003S1,G3,X1,Q5,1,clrlcgce02,clrlcgce02,-1,-1,-1,-1,-1,-1,-1,-1,-1,-1,-1
320,1136286316,1,1851,1,8,59924,1,31980,614400,1,U2003S1,G3,X1,Q5,1,clrlcgce02,clrlcgce02,-1,-1,-1,-1,-1,-1,-1,-1,-1,-1,-1
321,1136286318,1,1852,1,8,59888,1,31980,614400,1,U2003S1,G3,X1,Q5,1,clrlcgce02,clrlcgce02,-1,-1,-1,-1,-1,-1,-1,-1,-1,-1,-1
322,1136286318,1,1850,1,8,57100,1,31980,614400,1,U2003S1,G3,X1,Q5,1,clrlcgce02,clrlcgce02,-1,-1,-1,-1,-1,-1,-1,-1,-1,-1,-1
323,1136286318,1,1852,1,9,59860,1,31980,614400,1,U2003S1,G3,X1,Q5,1,clrlcgce02,clrlcgce02,-1,-1,-1,-1,-1,-1,-1,-1,-1,-1,-1
324,1136286320,1,1851,1,8,59896,1,31980,614400,1,U2003S1,G3,X1,Q5,1,clrlcgce02,clrlcgce02,-1,-1,-1,-1,-1,-1,-1,-1,-1,-1,-1
325,1136286320,1,1851,1,9,59892,1,31980,614400,1,U2003S1,G3,X1,Q5,1,clrlcgce02,clrlcgce02,-1,-1,-1,-1,-1,-1,-1,-1,-1,-1,-1
326,1136286321,0,1851,1,9,59848,1,31980,614400,1,U2003S1,G3,X1,Q5,1,clrlcgce02,clrlcgce02,-1,-1,-1,-1,-1,-1,-1,-1,-1,-1,-1
327,1136286328,1,94228,1,94145,152700,1,259200,-1,1,U1012S0,G2,X1,Q9,1,clrlcgce01,clrlcgce01,-1,-1,-1,-1,-1,-1,-1,-1,-1,-1,-1
328,1136286386,2,94202,1,94108,152744,1,259200,-1,1,U1012S0,G2,X1,Q9,1,clrlcgce01,clrlcgce01,-1,-1,-1,-1,-1,-1,-1,-1,-1,-1,-1
329,1136286386,2417536,20,1,0,35732,1,5400,-1,1,U5005S3,G1,X1,Q2,1,iut15,iut15,-1,-1,-1,-1,-1,-1,-1,-1,-1,-1,-1
330,1136286446,2,93387,1,93300,152692,1,259200,-1,1,U1012S0,G2,X1,Q9,1,clrlcgce01,clrlcgce01,-1,-1,-1,-1,-1,-1,-1,-1,-1,-1,-1
331,1136286449,1,95365,1,95274,152652,1,259200,-1,1,U1012S0,G2,X1,Q9,1,clrlcgce01,clrlcgce01,-1,-1,-1,-1,-1,-1,-1,-1,-1,-1,-1
332,1136286508,1,94287,1,94185,152664,1,259200,-1,1,U1012S0,G2,X1,Q9,1,clrlcgce01,clrlcgce01,-1,-1,-1,-1,-1,-1,-1,-1,-1,-1,-1
333,1136286567,1,94526,1,94441,152716,1,259200,-1,1,U1012S0,G2,X1,Q9,1,clrlcgce01,clrlcgce01,-1,-1,-1,-1,-1,-1,-1,-1,-1,-1,-1
334,1136286627,1,95400,1,95307,152632,1,259200,-1,1,U1012S0,G2,X1,Q9,1,clrlcgce01,clrlcgce01,-1,-1,-1,-1,-1,-1,-1,-1,-1,-1,-1
335,1136286687,3,96989,1,96912,152716,1,259200,-1,1,U1012S0,G2,X1,Q9,1,clrlcgce01,clrlcgce01,-1,-1,-1,-1,-1,-1,-1,-1,-1,-1,-1
336,1136286748,94217,-1,0,-1,-1,1,-1,-1,5,-1,-1,-1,Q9,1,clrlcgce01,clrlcgce01,-1,-1,-1,-1,-1,-1,-1,-1,-1,-1,-1
337,1136286789,1,1851,1,8,57140,1,31980,614400,1,U2003S1,G3,X1,Q5,1,clrlcgce02,clrlcgce02,-1,-1,-1,-1,-1,-1,-1,-1,-1,-1,-1
338,1136286794,0,1851,1,8,59632,1,31980,614400,1,U2003S1,G3,X1,Q5,1,clrlcgce02,clrlcgce02,-1,-1,-1,-1,-1,-1,-1,-1,-1,-1,-1
339,1136286794,0,1850,1,8,59912,1,31980,614400,1,U2003S1,G3,X1,Q5,1,clrlcgce02,clrlcgce02,-1,-1,-1,-1,-1,-1,-1,-1,-1,-1,-1
340,1136286794,0,1850,1,8,58696,1,31980,614400,1,U2003S1,G3,X1,Q5,1,clrlcgce02,clrlcgce02,-1,-1,-1,-1,-1,-1,-1,-1,-1,-1,-1
341,1136286796,1,1850,1,8,59892,1,31980,614400,1,U2003S1,G3,X1,Q5,1,clrlcgce02,clrlcgce02,-1,-1,-1,-1,-1,-1,-1,-1,-1,-1,-1
342,1136286808,94157,-1,0,-1,-1,1,-1,-1,5,-1,-1,-1,Q9,1,clrlcgce01,clrlcgce01,-1,-1,-1,-1,-1,-1,-1,-1,-1,-1,-1
343,1136286811,94154,-1,0,-1,-1,1,-1,-1,5,-1,-1,-1,Q9,1,clrlcgce01,clrlcgce01,-1,-1,-1,-1,-1,-1,-1,-1,-1,-1,-1
344,1136286869,48081,5015,1,4806,113648,1,259200,-1,0,U1012S0,G2,X1,Q9,1,clrlcgce01,clrlcgce01,-1,-1,-1,-1,-1,-1,-1,-1,-1,-1,-1
345,1136286928,94037,-1,0,-1,-1,1,-1,-1,5,-1,-1,-1,Q9,1,clrlcgce01,clrlcgce01,-1,-1,-1,-1,-1,-1,-1,-1,-1,-1,-1
346,1136286987,93979,-1,0,-1,-1,1,-1,-1,5,-1,-1,-1,Q9,1,clrlcgce01,clrlcgce01,-1,-1,-1,-1,-1,-1,-1,-1,-1,-1,-1
347,1136286990,93976,-1,0,-1,-1,1,-1,-1,5,-1,-1,-1,Q9,1,clrlcgce01,clrlcgce01,-1,-1,-1,-1,-1,-1,-1,-1,-1,-1,-1
348,1136287049,52952,-1,0,-1,-1,1,-1,-1,5,-1,-1,-1,Q9,1,clrlcgce01,clrlcgce01,-1,-1,-1,-1,-1,-1,-1,-1,-1,-1,-1
349,1136287108,52895,-1,0,-1,-1,1,-1,-1,5,-1,-1,-1,Q9,1,clrlcgce01,clrlcgce01,-1,-1,-1,-1,-1,-1,-1,-1,-1,-1,-1
350,1136287148,1,1849,1,9,57136,1,31980,614400,1,U2003S1,G3,X1,Q5,1,clrlcgce02,clrlcgce02,-1,-1,-1,-1,-1,-1,-1,-1,-1,-1,-1
351,1136287153,1,1851,1,9,57164,1,31980,614400,1,U2003S1,G3,X1,Q5,1,clrlcgce02,clrlcgce02,-1,-1,-1,-1,-1,-1,-1,-1,-1,-1,-1
352,1136287153,1,1850,1,9,59912,1,31980,614400,1,U2003S1,G3,X1,Q5,1,clrlcgce02,clrlcgce02,-1,-1,-1,-1,-1,-1,-1,-1,-1,-1,-1
353,1136287154,1,1851,1,9,59868,1,31980,614400,1,U2003S1,G3,X1,Q5,1,clrlcgce02,clrlcgce02,-1,-1,-1,-1,-1,-1,-1,-1,-1,-1,-1
354,1136287155,1,1851,1,9,57168,1,31980,614400,1,U2003S1,G3,X1,Q5,1,clrlcgce02,clrlcgce02,-1,-1,-1,-1,-1,-1,-1,-1,-1,-1,-1
355,1136287155,1,1850,1,8,59876,1,31980,614400,1,U2003S1,G3,X1,Q5,1,clrlcgce02,clrlcgce02,-1,-1,-1,-1,-1,-1,-1,-1,-1,-1,-1
356,1136287168,52835,-1,0,-1,-1,1,-1,-1,5,-1,-1,-1,Q9,1,clrlcgce01,clrlcgce01,-1,-1,-1,-1,-1,-1,-1,-1,-1,-1,-1
357,1136287171,52830,-1,0,-1,-1,1,-1,-1,5,-1,-1,-1,Q9,1,clrlcgce01,clrlcgce01,-1,-1,-1,-1,-1,-1,-1,-1,-1,-1,-1
358,1136287229,52832,-1,0,-1,-1,1,-1,-1,5,-1,-1,-1,Q9,1,clrlcgce01,clrlcgce01,-1,-1,-1,-1,-1,-1,-1,-1,-1,-1,-1
359,1136287288,52775,-1,0,-1,-1,1,-1,-1,5,-1,-1,-1,Q9,1,clrlcgce01,clrlcgce01,-1,-1,-1,-1,-1,-1,-1,-1,-1,-1,-1
360,1136287348,52713,-1,0,-1,-1,1,-1,-1,5,-1,-1,-1,Q9,1,clrlcgce01,clrlcgce01,-1,-1,-1,-1,-1,-1,-1,-1,-1,-1,-1
361,1136287350,52712,-1,0,-1,-1,1,-1,-1,5,-1,-1,-1,Q9,1,clrlcgce01,clrlcgce01,-1,-1,-1,-1,-1,-1,-1,-1,-1,-1,-1
362,1136287409,52712,-1,0,-1,-1,1,-1,-1,5,-1,-1,-1,Q9,1,clrlcgce01,clrlcgce01,-1,-1,-1,-1,-1,-1,-1,-1,-1,-1,-1
363,1136287448,1,1850,1,9,58432,1,31980,614400,1,U2003S1,G3,X1,Q5,1,clrlcgce02,clrlcgce02,-1,-1,-1,-1,-1,-1,-1,-1,-1,-1,-1
364,1136287453,18,1851,1,10,59880,1,31980,614400,1,U2003S1,G3,X1,Q5,1,clrlcgce02,clrlcgce02,-1,-1,-1,-1,-1,-1,-1,-1,-1,-1,-1
365,1136287453,21,1852,1,8,59852,1,31980,614400,1,U2003S1,G3,X1,Q5,1,clrlcgce02,clrlcgce02,-1,-1,-1,-1,-1,-1,-1,-1,-1,-1,-1
366,1136287453,21,1852,1,8,56992,1,31980,614400,1,U2003S1,G3,X1,Q5,1,clrlcgce02,clrlcgce02,-1,-1,-1,-1,-1,-1,-1,-1,-1,-1,-1
367,1136287455,19,1852,1,8,57192,1,31980,614400,1,U2003S1,G3,X1,Q5,1,clrlcgce02,clrlcgce02,-1,-1,-1,-1,-1,-1,-1,-1,-1,-1,-1
368,1136287468,52656,-1,0,-1,-1,1,-1,-1,5,-1,-1,-1,Q9,1,clrlcgce01,clrlcgce01,-1,-1,-1,-1,-1,-1,-1,-1,-1,-1,-1
369,1136287528,52597,-1,0,-1,-1,1,-1,-1,5,-1,-1,-1,Q9,1,clrlcgce01,clrlcgce01,-1,-1,-1,-1,-1,-1,-1,-1,-1,-1,-1
370,1136287530,52597,-1,0,-1,-1,1,-1,-1,5,-1,-1,-1,Q9,1,clrlcgce01,clrlcgce01,-1,-1,-1,-1,-1,-1,-1,-1,-1,-1,-1
371,1136287589,52536,-1,0,-1,-1,1,-1,-1,5,-1,-1,-1,Q9,1,clrlcgce01,clrlcgce01,-1,-1,-1,-1,-1,-1,-1,-1,-1,-1,-1
372,1136287628,2,1851,1,8,57176,1,31980,614400,1,U2003S1,G3,X1,Q5,1,clrlcgce02,clrlcgce02,-1,-1,-1,-1,-1,-1,-1,-1,-1,-1,-1
373,1136287634,0,1853,1,8,59904,1,31980,614400,1,U2003S1,G3,X1,Q5,1,clrlcgce02,clrlcgce02,-1,-1,-1,-1,-1,-1,-1,-1,-1,-1,-1
374,1136287634,0,1853,1,8,59896,1,31980,614400,1,U2003S1,G3,X1,Q5,1,clrlcgce02,clrlcgce02,-1,-1,-1,-1,-1,-1,-1,-1,-1,-1,-1
375,1136287634,0,1850,1,8,59600,1,31980,614400,1,U2003S1,G3,X1,Q5,1,clrlcgce02,clrlcgce02,-1,-1,-1,-1,-1,-1,-1,-1,-1,-1,-1
376,1136287636,0,1852,1,8,57140,1,31980,614400,1,U2003S1,G3,X1,Q5,1,clrlcgce02,clrlcgce02,-1,-1,-1,-1,-1,-1,-1,-1,-1,-1,-1
377,1136287636,0,1852,1,8,59904,1,31980,614400,1,U2003S1,G3,X1,Q5,1,clrlcgce02,clrlcgce02,-1,-1,-1,-1,-1,-1,-1,-1,-1,-1,-1
378,1136287648,52473,-1,0,-1,-1,1,-1,-1,5,-1,-1,-1,Q9,1,clrlcgce01,clrlcgce01,-1,-1,-1,-1,-1,-1,-1,-1,-1,-1,-1
379,1136287708,52420,-1,0,-1,-1,1,-1,-1,5,-1,-1,-1,Q9,1,clrlcgce01,clrlcgce01,-1,-1,-1,-1,-1,-1,-1,-1,-1,-1,-1
380,1136287711,52412,-1,0,-1,-1,1,-1,-1,5,-1,-1,-1,Q9,1,clrlcgce01,clrlcgce01,-1,-1,-1,-1,-1,-1,-1,-1,-1,-1,-1
381,1136287769,52353,-1,0,-1,-1,1,-1,-1,5,-1,-1,-1,Q9,1,clrlcgce01,clrlcgce01,-1,-1,-1,-1,-1,-1,-1,-1,-1,-1,-1
382,1136287829,52355,-1,0,-1,-1,1,-1,-1,5,-1,-1,-1,Q9,1,clrlcgce01,clrlcgce01,-1,-1,-1,-1,-1,-1,-1,-1,-1,-1,-1
383,1136287887,52294,-1,0,-1,-1,1,-1,-1,5,-1,-1,-1,Q9,1,clrlcgce01,clrlcgce01,-1,-1,-1,-1,-1,-1,-1,-1,-1,-1,-1
384,1136287890,52296,-1,0,-1,-1,1,-1,-1,5,-1,-1,-1,Q9,1,clrlcgce01,clrlcgce01,-1,-1,-1,-1,-1,-1,-1,-1,-1,-1,-1
385,1136287949,52235,-1,0,-1,-1,1,-1,-1,5,-1,-1,-1,Q9,1,clrlcgce01,clrlcgce01,-1,-1,-1,-1,-1,-1,-1,-1,-1,-1,-1
386,1136287989,1,1849,1,8,59924,1,31980,614400,1,U2003S1,G3,X1,Q5,1,clrlcgce02,clrlcgce02,-1,-1,-1,-1,-1,-1,-1,-1,-1,-1,-1
387,1136287994,0,1851,1,10,57936,1,31980,614400,1,U2003S1,G3,X1,Q5,1,clrlcgce02,clrlcgce02,-1,-1,-1,-1,-1,-1,-1,-1,-1,-1,-1
388,1136287994,169,1849,1,9,59876,1,31980,614400,1,U2003S1,G3,X1,Q5,1,clrlcgce02,clrlcgce02,-1,-1,-1,-1,-1,-1,-1,-1,-1,-1,-1
389,1136287994,175,1851,1,8,59880,1,31980,614400,1,U2003S1,G3,X1,Q5,1,clrlcgce02,clrlcgce02,-1,-1,-1,-1,-1,-1,-1,-1,-1,-1,-1
390,1136287995,174,1851,1,8,57184,1,31980,614400,1,U2003S1,G3,X1,Q5,1,clrlcgce02,clrlcgce02,-1,-1,-1,-1,-1,-1,-1,-1,-1,-1,-1
391,1136288007,52174,-1,0,-1,-1,1,-1,-1,5,-1,-1,-1,Q9,1,clrlcgce01,clrlcgce01,-1,-1,-1,-1,-1,-1,-1,-1,-1,-1,-1
392,1136288018,1,32,1,3,0,1,5400,-1,1,U2026S1,G1,X1,Q4,1,clrlcgce02,clrlcgce02,-1,-1,-1,-1,-1,-1,-1,-1,-1,-1,-1
393,1136288020,1,27,1,3,0,1,172800,-1,1,U2026S1,G1,X1,Q6,1,clrlcgce02,clrlcgce02,-1,-1,-1,-1,-1,-1,-1,-1,-1,-1,-1
394,1136288068,52117,-1,0,-1,-1,1,-1,-1,5,-1,-1,-1,Q9,1,clrlcgce01,clrlcgce01,-1,-1,-1,-1,-1,-1,-1,-1,-1,-1,-1
395,1136288076,1,27,1,3,0,1,172800,-1,1,U2026S1,G1,X1,Q6,1,clrlcgce02,clrlcgce02,-1,-1,-1,-1,-1,-1,-1,-1,-1,-1,-1
396,1136288207,1,28,1,3,0,1,86400,-1,1,U2026S1,G1,X1,Q8,1,clrlcgce02,clrlcgce02,-1,-1,-1,-1,-1,-1,-1,-1,-1,-1,-1
397,1136288230,1,1851,1,8,57204,1,31980,614400,1,U2003S1,G3,X1,Q5,1,clrlcgce02,clrlcgce02,-1,-1,-1,-1,-1,-1,-1,-1,-1,-1,-1
398,1136288230,1,1851,1,8,57364,1,31980,614400,1,U2003S1,G3,X1,Q5,1,clrlcgce02,clrlcgce02,-1,-1,-1,-1,-1,-1,-1,-1,-1,-1,-1
399,1136288231,0,1851,1,8,59912,1,31980,614400,1,U2003S1,G3,X1,Q5,1,clrlcgce02,clrlcgce02,-1,-1,-1,-1,-1,-1,-1,-1,-1,-1,-1
400,1136288233,0,1850,1,8,57184,1,31980,614400,1,U2003S1,G3,X1,Q5,1,clrlcgce02,clrlcgce02,-1,-1,-1,-1,-1,-1,-1,-1,-1,-1,-1
401,1136288233,0,1850,1,8,57144,1,31980,614400,1,U2003S1,G3,X1,Q5,1,clrlcgce02,clrlcgce02,-1,-1,-1,-1,-1,-1,-1,-1,-1,-1,-1
402,1136288238,1,1850,1,8,57108,1,31980,614400,1,U2003S1,G3,X1,Q5,1,clrlcgce02,clrlcgce02,-1,-1,-1,-1,-1,-1,-1,-1,-1,-1,-1
403,1136288238,1,1850,1,8,57180,1,31980,614400,1,U2003S1,G3,X1,Q5,1,clrlcgce02,clrlcgce02,-1,-1,-1,-1,-1,-1,-1,-1,-1,-1,-1
404,1136288238,405,1849,1,8,57060,1,31980,614400,1,U2003S1,G3,X1,Q5,1,clrlcgce02,clrlcgce02,-1,-1,-1,-1,-1,-1,-1,-1,-1,-1,-1
405,1136288240,405,408,1,201,932288,1,31980,614400,5,U2003S1,G3,X1,Q5,1,clrlcgce02,clrlcgce02,-1,-1,-1,-1,-1,-1,-1,-1,-1,-1,-1
406,1136288299,1,26,1,3,36980,1,86400,-1,1,U1021S0,G1,X1,Q7,1,clrlcgce01,clrlcgce01,-1,-1,-1,-1,-1,-1,-1,-1,-1,-1,-1
407,1136288373,1,33,1,3,0,1,86400,-1,1,U1021S0,G1,X1,Q7,1,clrlcgce01,clrlcgce01,-1,-1,-1,-1,-1,-1,-1,-1,-1,-1,-1
408,1136288378,1,29,1,3,36964,1,172800,-1,1,U2026S1,G1,X1,Q6,1,clrlcgce02,clrlcgce02,-1,-1,-1,-1,-1,-1,-1,-1,-1,-1,-1
409,1136288380,2,30,1,3,0,1,5400,-1,1,U2026S1,G1,X1,Q7,1,clrlcgce02,clrlcgce02,-1,-1,-1,-1,-1,-1,-1,-1,-1,-1,-1
410,1136288500,1,24,1,3,36976,1,5400,-1,1,U2026S1,G1,X1,Q7,1,clrlcgce02,clrlcgce02,-1,-1,-1,-1,-1,-1,-1,-1,-1,-1,-1
411,1136288659,1,29,1,3,37220,1,259200,-1,1,U1021S0,G1,X1,Q1,1,clrlcgce01,clrlcgce01,-1,-1,-1,-1,-1,-1,-1,-1,-1,-1,-1
412,1136288662,1,28,1,3,0,1,172800,-1,1,U1021S0,G1,X1,Q5,1,clrlcgce01,clrlcgce01,-1,-1,-1,-1,-1,-1,-1,-1,-1,-1,-1
413,1136288737,1,33,1,3,31760,1,5400,-1,1,U2026S1,G1,X1,Q4,1,clrlcgce02,clrlcgce02,-1,-1,-1,-1,-1,-1,-1,-1,-1,-1,-1
414,1136288791,1,11,1,3,36208,1,86400,-1,1,U1023S0,G1,X1,Q7,1,clrlcgce01,clrlcgce01,-1,-1,-1,-1,-1,-1,-1,-1,-1,-1,-1
415,1136288828,1,1849,1,8,57200,1,31980,614400,1,U2003S1,G3,X1,Q5,1,clrlcgce02,clrlcgce02,-1,-1,-1,-1,-1,-1,-1,-1,-1,-1,-1
416,1136288835,0,1851,1,8,59808,1,31980,614400,1,U2003S1,G3,X1,Q5,1,clrlcgce02,clrlcgce02,-1,-1,-1,-1,-1,-1,-1,-1,-1,-1,-1
417,1136288835,1,1851,1,8,57132,1,31980,614400,1,U2003S1,G3,X1,Q5,1,clrlcgce02,clrlcgce02,-1,-1,-1,-1,-1,-1,-1,-1,-1,-1,-1
418,1136288835,164,1849,1,8,57128,1,31980,614400,1,U2003S1,G3,X1,Q5,1,clrlcgce02,clrlcgce02,-1,-1,-1,-1,-1,-1,-1,-1,-1,-1,-1
419,1136288837,169,1850,1,8,57208,1,31980,614400,1,U2003S1,G3,X1,Q5,1,clrlcgce02,clrlcgce02,-1,-1,-1,-1,-1,-1,-1,-1,-1,-1,-1
420,1136288837,169,1850,1,9,59884,1,31980,614400,1,U2003S1,G3,X1,Q5,1,clrlcgce02,clrlcgce02,-1,-1,-1,-1,-1,-1,-1,-1,-1,-1,-1
421,1136288837,171,1850,1,8,57136,1,31980,614400,1,U2003S1,G3,X1,Q5,1,clrlcgce02,clrlcgce02,-1,-1,-1,-1,-1,-1,-1,-1,-1,-1,-1
422,1136288839,169,1850,1,9,59952,1,31980,614400,1,U2003S1,G3,X1,Q5,1,clrlcgce02,clrlcgce02,-1,-1,-1,-1,-1,-1,-1,-1,-1,-1,-1
423,1136289024,1,27,1,3,36968,1,259200,-1,1,U1021S0,G1,X1,Q1,1,clrlcgce01,clrlcgce01,-1,-1,-1,-1,-1,-1,-1,-1,-1,-1,-1
424,1136289027,1,27,1,3,0,1,900,-1,1,U1021S0,G1,X1,Q2,1,clrlcgce01,clrlcgce01,-1,-1,-1,-1,-1,-1,-1,-1,-1,-1,-1
425,1136289069,1,1850,1,8,57192,1,31980,614400,1,U2003S1,G3,X1,Q5,1,clrlcgce02,clrlcgce02,-1,-1,-1,-1,-1,-1,-1,-1,-1,-1,-1
426,1136289069,1,1850,1,10,59648,1,31980,614400,1,U2003S1,G3,X1,Q5,1,clrlcgce02,clrlcgce02,-1,-1,-1,-1,-1,-1,-1,-1,-1,-1,-1
427,1136289069,232,1851,1,8,57132,1,31980,614400,1,U2003S1,G3,X1,Q5,1,clrlcgce02,clrlcgce02,-1,-1,-1,-1,-1,-1,-1,-1,-1,-1,-1
428,1136289080,1,30,1,3,0,1,172800,-1,1,U1021S0,G1,X1,Q5,1,clrlcgce01,clrlcgce01,-1,-1,-1,-1,-1,-1,-1,-1,-1,-1,-1
429,1136289096,2,26,1,3,0,1,900,-1,1,U2026S1,G1,X1,Q3,1,clrlcgce02,clrlcgce02,-1,-1,-1,-1,-1,-1,-1,-1,-1,-1,-1
430,1136289200,1,33,1,3,0,1,5400,-1,1,U1021S0,G1,X1,Q6,1,clrlcgce01,clrlcgce01,-1,-1,-1,-1,-1,-1,-1,-1,-1,-1,-1
431,1136289260,1,32,1,3,37244,1,5400,-1,1,U1021S0,G1,X1,Q8,1,clrlcgce01,clrlcgce01,-1,-1,-1,-1,-1,-1,-1,-1,-1,-1,-1
432,1136289263,1,29,1,3,0,1,86400,-1,1,U1021S0,G1,X1,Q7,1,clrlcgce01,clrlcgce01,-1,-1,-1,-1,-1,-1,-1,-1,-1,-1,-1
433,1136289279,1,26,1,3,0,1,5400,-1,1,U2026S1,G1,X1,Q4,1,clrlcgce02,clrlcgce02,-1,-1,-1,-1,-1,-1,-1,-1,-1,-1,-1
434,1136289307,16,1850,1,10,57168,1,31980,614400,1,U2003S1,G3,X1,Q5,1,clrlcgce02,clrlcgce02,-1,-1,-1,-1,-1,-1,-1,-1,-1,-1,-1
435,1136289307,20,1851,1,8,59952,1,31980,614400,1,U2003S1,G3,X1,Q5,1,clrlcgce02,clrlcgce02,-1,-1,-1,-1,-1,-1,-1,-1,-1,-1,-1
436,1136289308,19,1851,1,9,59844,1,31980,614400,1,U2003S1,G3,X1,Q5,1,clrlcgce02,clrlcgce02,-1,-1,-1,-1,-1,-1,-1,-1,-1,-1,-1
437,1136289309,18,1851,1,8,57148,1,31980,614400,1,U2003S1,G3,X1,Q5,1,clrlcgce02,clrlcgce02,-1,-1,-1,-1,-1,-1,-1,-1,-1,-1,-1
438,1136289309,174,1849,1,9,57140,1,31980,614400,1,U2003S1,G3,X1,Q5,1,clrlcgce02,clrlcgce02,-1,-1,-1,-1,-1,-1,-1,-1,-1,-1,-1
439,1136289390,1,10,1,3,0,1,5400,-1,1,U1023S0,G1,X1,Q6,1,clrlcgce01,clrlcgce01,-1,-1,-1,-1,-1,-1,-1,-1,-1,-1,-1
440,1136289397,2,28,1,3,0,1,86400,-1,1,U2026S1,G1,X1,Q8,1,clrlcgce02,clrlcgce02,-1,-1,-1,-1,-1,-1,-1,-1,-1,-1,-1
441,1136289400,1,28,1,3,36960,1,900,-1,1,U2026S1,G1,X1,Q3,1,clrlcgce02,clrlcgce02,-1,-1,-1,-1,-1,-1,-1,-1,-1,-1,-1
442,1136289440,1,43,1,3,0,1,5400,-1,1,U1021S0,G1,X1,Q8,1,clrlcgce01,clrlcgce01,-1,-1,-1,-1,-1,-1,-1,-1,-1,-1,-1
443,1136289459,1,29,1,3,0,1,5400,-1,1,U2026S1,G1,X1,Q7,1,clrlcgce02,clrlcgce02,-1,-1,-1,-1,-1,-1,-1,-1,-1,-1,-1
444,1136289527,2,31,1,3,0,1,172800,-1,1,U2026S1,G1,X1,Q6,1,clrlcgce02,clrlcgce02,-1,-1,-1,-1,-1,-1,-1,-1,-1,-1,-1
445,1136289584,1,1851,1,8,57180,1,31980,614400,1,U2003S1,G3,X1,Q5,1,clrlcgce02,clrlcgce02,-1,-1,-1,-1,-1,-1,-1,-1,-1,-1,-1
446,1136289588,0,1851,1,9,59916,1,31980,614400,1,U2003S1,G3,X1,Q5,1,clrlcgce02,clrlcgce02,-1,-1,-1,-1,-1,-1,-1,-1,-1,-1,-1
447,1136289588,0,1851,1,9,59884,1,31980,614400,1,U2003S1,G3,X1,Q5,1,clrlcgce02,clrlcgce02,-1,-1,-1,-1,-1,-1,-1,-1,-1,-1,-1
448,1136289588,0,1851,1,9,59572,1,31980,614400,1,U2003S1,G3,X1,Q5,1,clrlcgce02,clrlcgce02,-1,-1,-1,-1,-1,-1,-1,-1,-1,-1,-1
449,1136289619,1,28,1,3,0,1,259200,-1,1,U1021S0,G1,X1,Q1,1,clrlcgce01,clrlcgce01,-1,-1,-1,-1,-1,-1,-1,-1,-1,-1,-1
450,1136289619,1,29,1,3,35684,1,5400,-1,1,U1021S0,G1,X1,Q6,1,clrlcgce01,clrlcgce01,-1,-1,-1,-1,-1,-1,-1,-1,-1,-1,-1
451,1136289621,1,30,1,3,36912,1,5400,-1,1,U1021S0,G1,X1,Q8,1,clrlcgce01,clrlcgce01,-1,-1,-1,-1,-1,-1,-1,-1,-1,-1,-1
452,1136289741,1,26,1,4,0,1,5400,-1,1,U1021S0,G1,X1,Q8,1,clrlcgce01,clrlcgce01,-1,-1,-1,-1,-1,-1,-1,-1,-1,-1,-1
453,1136289799,1,22,1,3,0,1,259200,-1,1,U1021S0,G1,X1,Q1,1,clrlcgce01,clrlcgce01,-1,-1,-1,-1,-1,-1,-1,-1,-1,-1,-1
454,1136289806,1,24,1,3,0,1,172800,-1,1,U1021S0,G1,X1,Q5,1,clrlcgce01,clrlcgce01,-1,-1,-1,-1,-1,-1,-1,-1,-1,-1,-1
455,1136289823,1,1851,1,8,57180,1,31980,614400,1,U2003S1,G3,X1,Q5,1,clrlcgce02,clrlcgce02,-1,-1,-1,-1,-1,-1,-1,-1,-1,-1,-1
456,1136289829,18,1850,1,9,57436,1,31980,614400,1,U2003S1,G3,X1,Q5,1,clrlcgce02,clrlcgce02,-1,-1,-1,-1,-1,-1,-1,-1,-1,-1,-1
457,1136289829,185,1850,1,8,59856,1,31980,614400,1,U2003S1,G3,X1,Q5,1,clrlcgce02,clrlcgce02,-1,-1,-1,-1,-1,-1,-1,-1,-1,-1,-1
458,1136289829,192,1851,1,8,59912,1,31980,614400,1,U2003S1,G3,X1,Q5,1,clrlcgce02,clrlcgce02,-1,-1,-1,-1,-1,-1,-1,-1,-1,-1,-1
459,1136289831,10,1849,1,8,57192,1,31980,614400,1,U2003S1,G3,X1,Q5,1,clrlcgce02,clrlcgce02,-1,-1,-1,-1,-1,-1,-1,-1,-1,-1,-1
460,1136289831,190,1850,1,8,57188,1,31980,614400,1,U2003S1,G3,X1,Q5,1,clrlcgce02,clrlcgce02,-1,-1,-1,-1,-1,-1,-1,-1,-1,-1,-1
461,1136289831,252,1849,1,8,59708,1,31980,614400,1,U2003S1,G3,X1,Q5,1,clrlcgce02,clrlcgce02,-1,-1,-1,-1,-1,-1,-1,-1,-1,-1,-1
462,1136289862,1,25,1,3,0,1,900,-1,1,U1021S0,G1,X1,Q2,1,clrlcgce01,clrlcgce01,-1,-1,-1,-1,-1,-1,-1,-1,-1,-1,-1
463,1136289936,2,30,1,3,0,1,5400,-1,1,U2026S1,G1,X1,Q7,1,clrlcgce02,clrlcgce02,-1,-1,-1,-1,-1,-1,-1,-1,-1,-1,-1
464,1136289937,1,27,1,3,0,1,86400,-1,1,U2026S1,G1,X1,Q8,1,clrlcgce02,clrlcgce02,-1,-1,-1,-1,-1,-1,-1,-1,-1,-1,-1
465,1136289996,2,26,1,3,36744,1,86400,-1,1,U2026S1,G1,X1,Q8,1,clrlcgce02,clrlcgce02,-1,-1,-1,-1,-1,-1,-1,-1,-1,-1,-1
466,1136290063,2,28,1,3,0,1,900,-1,1,U2026S1,G1,X1,Q3,1,clrlcgce02,clrlcgce02,-1,-1,-1,-1,-1,-1,-1,-1,-1,-1,-1
467,1136290066,1,26,1,3,0,1,172800,-1,1,U2026S1,G1,X1,Q6,1,clrlcgce02,clrlcgce02,-1,-1,-1,-1,-1,-1,-1,-1,-1,-1,-1
468,1136290107,2,28,1,3,0,1,86400,-1,1,U1021S0,G1,X1,Q7,1,clrlcgce01,clrlcgce01,-1,-1,-1,-1,-1,-1,-1,-1,-1,-1,-1
469,1136290199,1,33,1,3,0,1,86400,-1,1,U2026S1,G1,X1,Q8,1,clrlcgce02,clrlcgce02,-1,-1,-1,-1,-1,-1,-1,-1,-1,-1,-1
470,1136290212,1,28,1,3,0,1,5400,-1,1,U2026S1,G1,X1,Q4,1,clrlcgce02,clrlcgce02,-1,-1,-1,-1,-1,-1,-1,-1,-1,-1,-1
471,1136290238,1,31,1,3,0,1,5400,-1,1,U2026S1,G1,X1,Q4,1,clrlcgce02,clrlcgce02,-1,-1,-1,-1,-1,-1,-1,-1,-1,-1,-1
472,1136290238,1,33,1,3,0,1,86400,-1,1,U2026S1,G1,X1,Q8,1,clrlcgce02,clrlcgce02,-1,-1,-1,-1,-1,-1,-1,-1,-1,-1,-1
473,1136290238,1,33,1,3,0,1,5400,-1,1,U2026S1,G1,X1,Q4,1,clrlcgce02,clrlcgce02,-1,-1,-1,-1,-1,-1,-1,-1,-1,-1,-1
474,1136290290,2,10,1,3,0,1,86400,-1,1,U1023S0,G1,X1,Q7,1,clrlcgce01,clrlcgce01,-1,-1,-1,-1,-1,-1,-1,-1,-1,-1,-1
475,1136290297,1,25,1,3,0,1,5400,-1,1,U2026S1,G1,X1,Q4,1,clrlcgce02,clrlcgce02,-1,-1,-1,-1,-1,-1,-1,-1,-1,-1,-1
476,1136290417,1,32,1,3,0,1,86400,-1,1,U2026S1,G1,X1,Q8,1,clrlcgce02,clrlcgce02,-1,-1,-1,-1,-1,-1,-1,-1,-1,-1,-1
477,1136290424,1,28,1,3,0,1,86400,-1,1,U2026S1,G1,X1,Q8,1,clrlcgce02,clrlcgce02,-1,-1,-1,-1,-1,-1,-1,-1,-1,-1,-1
478,1136290424,1,1850,1,8,59892,1,31980,614400,1,U2003S1,G3,X1,Q5,1,clrlcgce02,clrlcgce02,-1,-1,-1,-1,-1,-1,-1,-1,-1,-1,-1
479,1136290432,1,1852,1,8,59876,1,31980,614400,1,U2003S1,G3,X1,Q5,1,clrlcgce02,clrlcgce02,-1,-1,-1,-1,-1,-1,-1,-1,-1,-1,-1
480,1136290432,1,1851,1,9,59932,1,31980,614400,1,U2003S1,G3,X1,Q5,1,clrlcgce02,clrlcgce02,-1,-1,-1,-1,-1,-1,-1,-1,-1,-1,-1
481,1136290432,1,1851,1,8,57940,1,31980,614400,1,U2003S1,G3,X1,Q5,1,clrlcgce02,clrlcgce02,-1,-1,-1,-1,-1,-1,-1,-1,-1,-1,-1
482,1136290434,1,1850,1,8,57156,1,31980,614400,1,U2003S1,G3,X1,Q5,1,clrlcgce02,clrlcgce02,-1,-1,-1,-1,-1,-1,-1,-1,-1,-1,-1
483,1136290435,1,1850,1,8,59644,1,31980,614400,1,U2003S1,G3,X1,Q5,1,clrlcgce02,clrlcgce02,-1,-1,-1,-1,-1,-1,-1,-1,-1,-1,-1
484,1136290435,58,1849,1,8,57176,1,31980,614400,1,U2003S1,G3,X1,Q5,1,clrlcgce02,clrlcgce02,-1,-1,-1,-1,-1,-1,-1,-1,-1,-1,-1
485,1136290436,244,1849,1,9,57156,1,31980,614400,1,U2003S1,G3,X1,Q5,1,clrlcgce02,clrlcgce02,-1,-1,-1,-1,-1,-1,-1,-1,-1,-1,-1
486,1136290436,251,1850,1,9,57144,1,31980,614400,1,U2003S1,G3,X1,Q5,1,clrlcgce02,clrlcgce02,-1,-1,-1,-1,-1,-1,-1,-1,-1,-1,-1
487,1136290458,2,27,1,3,0,1,900,-1,1,U1021S0,G1,X1,Q2,1,clrlcgce01,clrlcgce01,-1,-1,-1,-1,-1,-1,-1,-1,-1,-1,-1
488,1136290458,2,28,1,3,36900,1,5400,-1,1,U1021S0,G1,X1,Q6,1,clrlcgce01,clrlcgce01,-1,-1,-1,-1,-1,-1,-1,-1,-1,-1,-1
489,1136290479,1,25,1,3,0,1,5400,-1,1,U2026S1,G1,X1,Q4,1,clrlcgce02,clrlcgce02,-1,-1,-1,-1,-1,-1,-1,-1,-1,-1,-1
490,1136290598,1,28,1,3,0,1,5400,-1,1,U2026S1,G1,X1,Q7,1,clrlcgce02,clrlcgce02,-1,-1,-1,-1,-1,-1,-1,-1,-1,-1,-1
491,1136290602,1,26,1,3,0,1,900,-1,1,U2026S1,G1,X1,Q3,1,clrlcgce02,clrlcgce02,-1,-1,-1,-1,-1,-1,-1,-1,-1,-1,-1
492,1136290651,2,31,1,3,0,1,900,-1,1,U1021S0,G1,X1,Q2,1,clrlcgce01,clrlcgce01,-1,-1,-1,-1,-1,-1,-1,-1,-1,-1,-1
493,1136290698,2,36,1,3,36664,1,86400,-1,1,U1021S0,G1,X1,Q7,1,clrlcgce01,clrlcgce01,-1,-1,-1,-1,-1,-1,-1,-1,-1,-1,-1
494,1136290710,1,32,1,3,0,1,900,-1,1,U2026S1,G1,X1,Q3,1,clrlcgce02,clrlcgce02,-1,-1,-1,-1,-1,-1,-1,-1,-1,-1,-1
495,1136290820,1,31,1,5,37228,1,172800,-1,1,U1021S0,G1,X1,Q5,1,clrlcgce01,clrlcgce01,-1,-1,-1,-1,-1,-1,-1,-1,-1,-1,-1
496,1136290820,1,31,1,3,41968,1,259200,-1,1,U1021S0,G1,X1,Q1,1,clrlcgce01,clrlcgce01,-1,-1,-1,-1,-1,-1,-1,-1,-1,-1,-1
497,1136290820,33,31,1,4,0,1,900,-1,1,U1021S0,G1,X1,Q2,1,clrlcgce01,clrlcgce01,-1,-1,-1,-1,-1,-1,-1,-1,-1,-1,-1
498,1136290846,7,32,1,3,47544,1,86400,-1,1,U1021S0,G1,X1,Q7,1,clrlcgce01,clrlcgce01,-1,-1,-1,-1,-1,-1,-1,-1,-1,-1,-1
499,1136290848,1,32,1,3,0,1,172800,-1,1,U2026S1,G1,X1,Q6,1,clrlcgce02,clrlcgce02,-1,-1,-1,-1,-1,-1,-1,-1,-1,-1,-1
500,1136290856,1,46,1,16,0,1,259200,-1,1,U2018S1,G2,X1,Q9,1,clrlcgce02,clrlcgce02,-1,-1,-1,-1,-1,-1,-1,-1,-1,-1,-1
501,1136290872,1,28,1,3,0,1,172800,-1,1,U2026S1,G1,X1,Q6,1,clrlcgce02,clrlcgce02,-1,-1,-1,-1,-1,-1,-1,-1,-1,-1,-1
502,1136290911,0,1853,1,8,59936,1,31980,614400,1,U2003S1,G3,X1,Q5,1,clrlcgce02,clrlcgce02,-1,-1,-1,-1,-1,-1,-1,-1,-1,-1,-1
503,1136290911,0,1853,1,8,59872,1,31980,614400,1,U2003S1,G3,X1,Q5,1,clrlcgce02,clrlcgce02,-1,-1,-1,-1,-1,-1,-1,-1,-1,-1,-1
504,1136290911,1,1852,1,8,59888,1,31980,614400,1,U2003S1,G3,X1,Q5,1,clrlcgce02,clrlcgce02,-1,-1,-1,-1,-1,-1,-1,-1,-1,-1,-1
505,1136290913,0,1851,1,8,57284,1,31980,614400,1,U2003S1,G3,X1,Q5,1,clrlcgce02,clrlcgce02,-1,-1,-1,-1,-1,-1,-1,-1,-1,-1,-1
506,1136290913,0,1852,1,10,59864,1,31980,614400,1,U2003S1,G3,X1,Q5,1,clrlcgce02,clrlcgce02,-1,-1,-1,-1,-1,-1,-1,-1,-1,-1,-1
507,1136290915,1,1852,1,9,57200,1,31980,614400,1,U2003S1,G3,X1,Q5,1,clrlcgce02,clrlcgce02,-1,-1,-1,-1,-1,-1,-1,-1,-1,-1,-1
508,1136290915,6,1850,1,8,57124,1,31980,614400,1,U2003S1,G3,X1,Q5,1,clrlcgce02,clrlcgce02,-1,-1,-1,-1,-1,-1,-1,-1,-1,-1,-1
509,1136290916,5,1852,1,9,59900,1,31980,614400,1,U2003S1,G3,X1,Q5,1,clrlcgce02,clrlcgce02,-1,-1,-1,-1,-1,-1,-1,-1,-1,-1,-1
510,1136290956,2,22,1,3,0,1,900,-1,1,U2026S1,G1,X1,Q3,1,clrlcgce02,clrlcgce02,-1,-1,-1,-1,-1,-1,-1,-1,-1,-1,-1
511,1136290999,1,28,1,3,0,1,900,-1,1,U1021S0,G1,X1,Q2,1,clrlcgce01,clrlcgce01,-1,-1,-1,-1,-1,-1,-1,-1,-1,-1,-1
512,1136291077,1,34,1,3,0,1,86400,-1,1,U2026S1,G1,X1,Q8,1,clrlcgce02,clrlcgce02,-1,-1,-1,-1,-1,-1,-1,-1,-1,-1,-1
513,1136291108,1,27,1,3,0,1,172800,-1,1,U1021S0,G1,X1,Q5,1,clrlcgce01,clrlcgce01,-1,-1,-1,-1,-1,-1,-1,-1,-1,-1,-1
514,1136291202,1,29,1,3,0,1,5400,-1,1,U2026S1,G1,X1,Q4,1,clrlcgce02,clrlcgce02,-1,-1,-1,-1,-1,-1,-1,-1,-1,-1,-1
515,1136291247,1,29,1,3,0,1,172800,-1,1,U1021S0,G1,X1,Q5,1,clrlcgce01,clrlcgce01,-1,-1,-1,-1,-1,-1,-1,-1,-1,-1,-1
516,1136291311,1,29,1,3,0,1,259200,-1,1,U1021S0,G1,X1,Q1,1,clrlcgce01,clrlcgce01,-1,-1,-1,-1,-1,-1,-1,-1,-1,-1,-1
517,1136291324,1,1850,1,9,57156,1,31980,614400,1,U2003S1,G3,X1,Q5,1,clrlcgce02,clrlcgce02,-1,-1,-1,-1,-1,-1,-1,-1,-1,-1,-1
518,1136291330,1,1850,1,8,59856,1,31980,614400,1,U2003S1,G3,X1,Q5,1,clrlcgce02,clrlcgce02,-1,-1,-1,-1,-1,-1,-1,-1,-1,-1,-1
519,1136291330,1,1850,1,9,57176,1,31980,614400,1,U2003S1,G3,X1,Q5,1,clrlcgce02,clrlcgce02,-1,-1,-1,-1,-1,-1,-1,-1,-1,-1,-1
520,1136291330,1,1850,1,8,57132,1,31980,614400,1,U2003S1,G3,X1,Q5,1,clrlcgce02,clrlcgce02,-1,-1,-1,-1,-1,-1,-1,-1,-1,-1,-1
521,1136291332,1,1850,1,8,57048,1,31980,614400,1,U2003S1,G3,X1,Q5,1,clrlcgce02,clrlcgce02,-1,-1,-1,-1,-1,-1,-1,-1,-1,-1,-1
522,1136291357,1,29,1,3,0,1,5400,-1,1,U2026S1,G1,X1,Q4,1,clrlcgce02,clrlcgce02,-1,-1,-1,-1,-1,-1,-1,-1,-1,-1,-1
523,1136291425,1,32,1,3,0,1,5400,-1,1,U2026S1,G1,X1,Q4,1,clrlcgce02,clrlcgce02,-1,-1,-1,-1,-1,-1,-1,-1,-1,-1,-1
524,1136291425,1,31,1,3,0,1,900,-1,1,U2026S1,G1,X1,Q3,1,clrlcgce02,clrlcgce02,-1,-1,-1,-1,-1,-1,-1,-1,-1,-1,-1
525,1136291426,1,32,1,3,0,1,5400,-1,1,U2026S1,G1,X1,Q4,1,clrlcgce02,clrlcgce02,-1,-1,-1,-1,-1,-1,-1,-1,-1,-1,-1
526,1136291473,1,22,1,3,0,1,172800,-1,1,U2026S1,G1,X1,Q6,1,clrlcgce02,clrlcgce02,-1,-1,-1,-1,-1,-1,-1,-1,-1,-1,-1
527,1136291548,1,30,1,3,0,1,5400,-1,1,U2026S1,G1,X1,Q7,1,clrlcgce02,clrlcgce02,-1,-1,-1,-1,-1,-1,-1,-1,-1,-1,-1
528,1136291606,2,25,1,3,0,1,259200,-1,1,U1021S0,G1,X1,Q1,1,clrlcgce01,clrlcgce01,-1,-1,-1,-1,-1,-1,-1,-1,-1,-1,-1
529,1136291625,1,1850,1,8,59900,1,31980,614400,1,U2003S1,G3,X1,Q5,1,clrlcgce02,clrlcgce02,-1,-1,-1,-1,-1,-1,-1,-1,-1,-1,-1
530,1136291633,0,1851,1,8,59868,1,31980,614400,1,U2003S1,G3,X1,Q5,1,clrlcgce02,clrlcgce02,-1,-1,-1,-1,-1,-1,-1,-1,-1,-1,-1
531,1136291633,0,1852,1,9,59616,1,31980,614400,1,U2003S1,G3,X1,Q5,1,clrlcgce02,clrlcgce02,-1,-1,-1,-1,-1,-1,-1,-1,-1,-1,-1
532,1136291633,0,1852,1,8,59684,1,31980,614400,1,U2003S1,G3,X1,Q5,1,clrlcgce02,clrlcgce02,-1,-1,-1,-1,-1,-1,-1,-1,-1,-1,-1
533,1136291635,1,1850,1,8,59884,1,31980,614400,1,U2003S1,G3,X1,Q5,1,clrlcgce02,clrlcgce02,-1,-1,-1,-1,-1,-1,-1,-1,-1,-1,-1
534,1136291635,42,1849,1,9,57144,1,31980,614400,1,U2003S1,G3,X1,Q5,1,clrlcgce02,clrlcgce02,-1,-1,-1,-1,-1,-1,-1,-1,-1,-1,-1
535,1136291635,57,1850,1,9,57092,1,31980,614400,1,U2003S1,G3,X1,Q5,1,clrlcgce02,clrlcgce02,-1,-1,-1,-1,-1,-1,-1,-1,-1,-1,-1
536,1136291647,1,29,1,3,0,1,900,-1,1,U1021S0,G1,X1,Q2,1,clrlcgce01,clrlcgce01,-1,-1,-1,-1,-1,-1,-1,-1,-1,-1,-1
537,1136291745,1,29,1,3,37000,1,259200,-1,1,U1021S0,G1,X1,Q1,1,clrlcgce01,clrlcgce01,-1,-1,-1,-1,-1,-1,-1,-1,-1,-1,-1
538,1136291759,1,31,1,3,36980,1,259200,-1,1,U1021S0,G1,X1,Q1,1,clrlcgce01,clrlcgce01,-1,-1,-1,-1,-1,-1,-1,-1,-1,-1,-1
539,1136291793,1,30,1,3,37204,1,86400,-1,1,U1021S0,G1,X1,Q7,1,clrlcgce01,clrlcgce01,-1,-1,-1,-1,-1,-1,-1,-1,-1,-1,-1
540,1136291823,1,29,1,3,36236,1,259200,-1,1,U1021S0,G1,X1,Q1,1,clrlcgce01,clrlcgce01,-1,-1,-1,-1,-1,-1,-1,-1,-1,-1,-1
541,1136291857,1,33,1,3,36652,1,86400,-1,1,U2026S1,G1,X1,Q8,1,clrlcgce02,clrlcgce02,-1,-1,-1,-1,-1,-1,-1,-1,-1,-1,-1
542,1136291899,1,24,1,3,0,1,5400,-1,1,U2026S1,G1,X1,Q4,1,clrlcgce02,clrlcgce02,-1,-1,-1,-1,-1,-1,-1,-1,-1,-1,-1
543,1136291919,1,25,1,3,36672,1,259200,-1,1,U1021S0,G1,X1,Q1,1,clrlcgce01,clrlcgce01,-1,-1,-1,-1,-1,-1,-1,-1,-1,-1,-1
544,1136291920,1,25,1,3,0,1,172800,-1,1,U2026S1,G1,X1,Q6,1,clrlcgce02,clrlcgce02,-1,-1,-1,-1,-1,-1,-1,-1,-1,-1,-1
545,1136291922,1,24,1,3,37224,1,900,-1,1,U1021S0,G1,X1,Q2,1,clrlcgce01,clrlcgce01,-1,-1,-1,-1,-1,-1,-1,-1,-1,-1,-1
546,1136291926,1,1849,1,9,57076,1,31980,614400,1,U2003S1,G3,X1,Q5,1,clrlcgce02,clrlcgce02,-1,-1,-1,-1,-1,-1,-1,-1,-1,-1,-1
547,1136291931,1,1850,1,8,57160,1,31980,614400,1,U2003S1,G3,X1,Q5,1,clrlcgce02,clrlcgce02,-1,-1,-1,-1,-1,-1,-1,-1,-1,-1,-1
548,1136291931,1,1851,1,9,59872,1,31980,614400,1,U2003S1,G3,X1,Q5,1,clrlcgce02,clrlcgce02,-1,-1,-1,-1,-1,-1,-1,-1,-1,-1,-1
549,1136291931,1,1851,1,8,59928,1,31980,614400,1,U2003S1,G3,X1,Q5,1,clrlcgce02,clrlcgce02,-1,-1,-1,-1,-1,-1,-1,-1,-1,-1,-1
550,1136291933,0,1851,1,8,57088,1,31980,614400,1,U2003S1,G3,X1,Q5,1,clrlcgce02,clrlcgce02,-1,-1,-1,-1,-1,-1,-1,-1,-1,-1,-1
551,1136292020,2,19,1,3,0,1,172800,-1,1,U1021S0,G1,X1,Q5,1,clrlcgce01,clrlcgce01,-1,-1,-1,-1,-1,-1,-1,-1,-1,-1,-1
552,1136292064,0,23,1,3,0,1,259200,-1,1,U1021S0,G1,X1,Q1,1,clrlcgce01,clrlcgce01,-1,-1,-1,-1,-1,-1,-1,-1,-1,-1,-1
553,1136292096,2,29,1,3,0,1,5400,-1,1,U2026S1,G1,X1,Q4,1,clrlcgce02,clrlcgce02,-1,-1,-1,-1,-1,-1,-1,-1,-1,-1,-1
554,1136292105,171,442,1,228,951772,1,31980,614400,5,U2003S1,G3,X1,Q5,1,clrlcgce02,clrlcgce02,-1,-1,-1,-1,-1,-1,-1,-1,-1,-1,-1
555,1136292110,175,1849,1,8,59908,1,31980,614400,1,U2003S1,G3,X1,Q5,1,clrlcgce02,clrlcgce02,-1,-1,-1,-1,-1,-1,-1,-1,-1,-1,-1
556,1136292111,174,1849,1,8,59872,1,31980,614400,1,U2003S1,G3,X1,Q5,1,clrlcgce02,clrlcgce02,-1,-1,-1,-1,-1,-1,-1,-1,-1,-1,-1
557,1136292111,174,1849,1,8,59048,1,31980,614400,1,U2003S1,G3,X1,Q5,1,clrlcgce02,clrlcgce02,-1,-1,-1,-1,-1,-1,-1,-1,-1,-1,-1
558,1136292112,174,1850,1,8,57152,1,31980,614400,1,U2003S1,G3,X1,Q5,1,clrlcgce02,clrlcgce02,-1,-1,-1,-1,-1,-1,-1,-1,-1,-1,-1
559,1136292117,1,29,1,3,0,1,900,-1,1,U2026S1,G1,X1,Q3,1,clrlcgce02,clrlcgce02,-1,-1,-1,-1,-1,-1,-1,-1,-1,-1,-1
560,1136292165,123,1852,1,8,57144,1,31980,614400,1,U2003S1,G3,X1,Q5,1,clrlcgce02,clrlcgce02,-1,-1,-1,-1,-1,-1,-1,-1,-1,-1,-1
561,1136292168,176,1850,1,8,57136,1,31980,614400,1,U2003S1,G3,X1,Q5,1,clrlcgce02,clrlcgce02,-1,-1,-1,-1,-1,-1,-1,-1,-1,-1,-1
562,1136292185,2,16,1,3,0,1,5400,-1,1,U1021S0,G1,X1,Q6,1,clrlcgce01,clrlcgce01,-1,-1,-1,-1,-1,-1,-1,-1,-1,-1,-1
563,1136292221,2,13,1,3,0,1,86400,-1,1,U2026S1,G1,X1,Q8,1,clrlcgce02,clrlcgce02,-1,-1,-1,-1,-1,-1,-1,-1,-1,-1,-1
564,1136292265,1,15,1,3,0,1,172800,-1,1,U2026S1,G1,X1,Q6,1,clrlcgce02,clrlcgce02,-1,-1,-1,-1,-1,-1,-1,-1,-1,-1,-1
565,1136292288,1,15,1,3,0,1,5400,-1,1,U2026S1,G1,X1,Q7,1,clrlcgce02,clrlcgce02,-1,-1,-1,-1,-1,-1,-1,-1,-1,-1,-1
566,1136292298,0,21,1,4,37188,1,5400,-1,1,U1021S0,G1,X1,Q6,1,clrlcgce01,clrlcgce01,-1,-1,-1,-1,-1,-1,-1,-1,-1,-1,-1
567,1136292298,0,20,1,3,0,1,5400,-1,1,U1021S0,G1,X1,Q6,1,clrlcgce01,clrlcgce01,-1,-1,-1,-1,-1,-1,-1,-1,-1,-1,-1
568,1136292298,1,18,1,3,0,1,5400,-1,1,U2026S1,G1,X1,Q7,1,clrlcgce02,clrlcgce02,-1,-1,-1,-1,-1,-1,-1,-1,-1,-1,-1
569,1136292339,1,13,1,3,0,1,5400,-1,1,U1021S0,G1,X1,Q8,1,clrlcgce01,clrlcgce01,-1,-1,-1,-1,-1,-1,-1,-1,-1,-1,-1
570,1136292364,1,21,1,3,0,1,172800,-1,1,U2026S1,G1,X1,Q6,1,clrlcgce02,clrlcgce02,-1,-1,-1,-1,-1,-1,-1,-1,-1,-1,-1
571,1136292377,1,20,1,3,0,1,5400,-1,1,U2026S1,G1,X1,Q4,1,clrlcgce02,clrlcgce02,-1,-1,-1,-1,-1,-1,-1,-1,-1,-1,-1
572,1136292378,1,18,1,3,0,1,5400,-1,1,U1021S0,G1,X1,Q8,1,clrlcgce01,clrlcgce01,-1,-1,-1,-1,-1,-1,-1,-1,-1,-1,-1
573,1136292378,1,20,1,3,0,1,900,-1,1,U2026S1,G1,X1,Q3,1,clrlcgce02,clrlcgce02,-1,-1,-1,-1,-1,-1,-1,-1,-1,-1,-1
574,1136292435,1,19,1,3,36672,1,5400,-1,1,U1021S0,G1,X1,Q6,1,clrlcgce01,clrlcgce01,-1,-1,-1,-1,-1,-1,-1,-1,-1,-1,-1
575,1136292449,2,17,1,3,37228,1,172800,-1,1,U1021S0,G1,X1,Q5,1,clrlcgce01,clrlcgce01,-1,-1,-1,-1,-1,-1,-1,-1,-1,-1,-1
576,1136292466,65,1851,1,9,57172,1,31980,614400,1,U2003S1,G3,X1,Q5,1,clrlcgce02,clrlcgce02,-1,-1,-1,-1,-1,-1,-1,-1,-1,-1,-1
577,1136292471,67,1850,1,8,57096,1,31980,614400,1,U2003S1,G3,X1,Q5,1,clrlcgce02,clrlcgce02,-1,-1,-1,-1,-1,-1,-1,-1,-1,-1,-1
578,1136292471,248,1850,1,9,57132,1,31980,614400,1,U2003S1,G3,X1,Q5,1,clrlcgce02,clrlcgce02,-1,-1,-1,-1,-1,-1,-1,-1,-1,-1,-1
579,1136292471,294,1851,1,8,59884,1,31980,614400,1,U2003S1,G3,X1,Q5,1,clrlcgce02,clrlcgce02,-1,-1,-1,-1,-1,-1,-1,-1,-1,-1,-1
580,1136292472,293,1851,1,8,59848,1,31980,614400,1,U2003S1,G3,X1,Q5,1,clrlcgce02,clrlcgce02,-1,-1,-1,-1,-1,-1,-1,-1,-1,-1,-1
581,1136292476,1,14,1,3,0,1,5400,-1,1,U2026S1,G1,X1,Q4,1,clrlcgce02,clrlcgce02,-1,-1,-1,-1,-1,-1,-1,-1,-1,-1,-1
582,1136292575,2,18,1,3,37256,1,5400,-1,1,U1021S0,G1,X1,Q8,1,clrlcgce01,clrlcgce01,-1,-1,-1,-1,-1,-1,-1,-1,-1,-1,-1
583,1136292581,1,14,1,3,0,1,172800,-1,1,U2026S1,G1,X1,Q6,1,clrlcgce02,clrlcgce02,-1,-1,-1,-1,-1,-1,-1,-1,-1,-1,-1
584,1136292581,1,13,1,3,0,1,900,-1,1,U2026S1,G1,X1,Q3,1,clrlcgce02,clrlcgce02,-1,-1,-1,-1,-1,-1,-1,-1,-1,-1,-1
585,1136292587,1,13,1,3,0,1,172800,-1,1,U2026S1,G1,X1,Q6,1,clrlcgce02,clrlcgce02,-1,-1,-1,-1,-1,-1,-1,-1,-1,-1,-1
586,1136292619,2,16,1,3,0,1,86400,-1,1,U1021S0,G1,X1,Q7,1,clrlcgce01,clrlcgce01,-1,-1,-1,-1,-1,-1,-1,-1,-1,-1,-1
587,1136292655,1,14,1,3,0,1,900,-1,1,U2026S1,G1,X1,Q3,1,clrlcgce02,clrlcgce02,-1,-1,-1,-1,-1,-1,-1,-1,-1,-1,-1
588,1136292702,2,12,1,3,36964,1,5400,-1,1,U1021S0,G1,X1,Q6,1,clrlcgce01,clrlcgce01,-1,-1,-1,-1,-1,-1,-1,-1,-1,-1,-1
589,1136292705,60,1851,1,9,59884,1,31980,614400,1,U2003S1,G3,X1,Q5,1,clrlcgce02,clrlcgce02,-1,-1,-1,-1,-1,-1,-1,-1,-1,-1,-1
590,1136292759,1,14,1,3,0,1,5400,-1,1,U2026S1,G1,X1,Q4,1,clrlcgce02,clrlcgce02,-1,-1,-1,-1,-1,-1,-1,-1,-1,-1,-1
591,1136292765,1,14,1,3,36952,1,5400,-1,1,U1021S0,G1,X1,Q8,1,clrlcgce01,clrlcgce01,-1,-1,-1,-1,-1,-1,-1,-1,-1,-1,-1
592,1136292771,1,13,1,3,36964,1,259200,-1,1,U1021S0,G1,X1,Q1,1,clrlcgce01,clrlcgce01,-1,-1,-1,-1,-1,-1,-1,-1,-1,-1,-1
593,1136292771,11,27,1,3,36992,1,5400,-1,1,U1021S0,G1,X1,Q8,1,clrlcgce01,clrlcgce01,-1,-1,-1,-1,-1,-1,-1,-1,-1,-1,-1
594,1136292773,14,23,1,3,37500,1,86400,-1,1,U1021S0,G1,X1,Q7,1,clrlcgce01,clrlcgce01,-1,-1,-1,-1,-1,-1,-1,-1,-1,-1,-1
595,1136292786,25,16,1,3,0,1,900,-1,1,U1021S0,G1,X1,Q2,1,clrlcgce01,clrlcgce01,-1,-1,-1,-1,-1,-1,-1,-1,-1,-1,-1
596,1136292789,2,19,1,3,0,1,5400,-1,1,U2026S1,G1,X1,Q7,1,clrlcgce02,clrlcgce02,-1,-1,-1,-1,-1,-1,-1,-1,-1,-1,-1
597,1136292805,1,17,1,3,0,1,5400,-1,1,U2026S1,G1,X1,Q4,1,clrlcgce02,clrlcgce02,-1,-1,-1,-1,-1,-1,-1,-1,-1,-1,-1
598,1136292837,1,21,1,3,36980,1,172800,-1,1,U1021S0,G1,X1,Q5,1,clrlcgce01,clrlcgce01,-1,-1,-1,-1,-1,-1,-1,-1,-1,-1,-1
599,1136292847,1,18,1,3,0,1,900,-1,1,U2026S1,G1,X1,Q3,1,clrlcgce02,clrlcgce02,-1,-1,-1,-1,-1,-1,-1,-1,-1,-1,-1
600,1136292850,1,16,1,3,37260,1,172800,-1,1,U1021S0,G1,X1,Q5,1,clrlcgce01,clrlcgce01,-1,-1,-1,-1,-1,-1,-1,-1,-1,-1,-1
601,1136292850,11,19,1,3,36828,1,5400,-1,1,U1021S0,G1,X1,Q8,1,clrlcgce01,clrlcgce01,-1,-1,-1,-1,-1,-1,-1,-1,-1,-1,-1
602,1136292863,8,18,1,3,36964,1,5400,-1,1,U1021S0,G1,X1,Q6,1,clrlcgce01,clrlcgce01,-1,-1,-1,-1,-1,-1,-1,-1,-1,-1,-1
603,1136293064,1,1849,1,8,59820,1,31980,614400,1,U2003S1,G3,X1,Q5,1,clrlcgce02,clrlcgce02,-1,-1,-1,-1,-1,-1,-1,-1,-1,-1,-1
604,1136293064,1,1853,1,8,57160,1,31980,614400,1,U2003S1,G3,X1,Q5,1,clrlcgce02,clrlcgce02,-1,-1,-1,-1,-1,-1,-1,-1,-1,-1,-1
605,1136293375,1,1851,1,9,57528,1,31980,614400,1,U2003S1,G3,X1,Q5,1,clrlcgce02,clrlcgce02,-1,-1,-1,-1,-1,-1,-1,-1,-1,-1,-1
606,1136293375,1,1851,1,9,57168,1,31980,614400,1,U2003S1,G3,X1,Q5,1,clrlcgce02,clrlcgce02,-1,-1,-1,-1,-1,-1,-1,-1,-1,-1,-1
607,1136293375,1,1851,1,8,58448,1,31980,614400,1,U2003S1,G3,X1,Q5,1,clrlcgce02,clrlcgce02,-1,-1,-1,-1,-1,-1,-1,-1,-1,-1,-1
608,1136293377,1,1852,1,8,58092,1,31980,614400,1,U2003S1,G3,X1,Q5,1,clrlcgce02,clrlcgce02,-1,-1,-1,-1,-1,-1,-1,-1,-1,-1,-1
609,1136293377,1,1851,1,8,59828,1,31980,614400,1,U2003S1,G3,X1,Q5,1,clrlcgce02,clrlcgce02,-1,-1,-1,-1,-1,-1,-1,-1,-1,-1,-1
610,1136293381,1,1851,1,8,59880,1,31980,614400,1,U2003S1,G3,X1,Q5,1,clrlcgce02,clrlcgce02,-1,-1,-1,-1,-1,-1,-1,-1,-1,-1,-1
611,1136293545,2,1823,1,1592,378116,1,259200,-1,1,U1034S0,G4,X1,Q3,1,clrlcgce01,clrlcgce01,-1,-1,-1,-1,-1,-1,-1,-1,-1,-1,-1
612,1136293557,2,1846,1,1598,378164,1,259200,-1,1,U2037S1,G4,X1,Q1,1,clrlcgce02,clrlcgce02,-1,-1,-1,-1,-1,-1,-1,-1,-1,-1,-1
613,1136293669,1,18837,1,18173,493304,1,259200,-1,1,U2035S1,G6,X1,Q2,1,clrlcgce02,clrlcgce02,-1,-1,-1,-1,-1,-1,-1,-1,-1,-1,-1
614,1136293731,1,19198,1,18580,494196,1,259200,-1,1,U2035S1,G6,X1,Q2,1,clrlcgce02,clrlcgce02,-1,-1,-1,-1,-1,-1,-1,-1,-1,-1,-1
615,1136293810,2,65,1,26,89632,1,900,-1,1,U1030S0,G1,X1,Q2,1,clrlcgce01,clrlcgce01,-1,-1,-1,-1,-1,-1,-1,-1,-1,-1,-1
616,1136293810,1,67,1,21,114592,1,900,-1,1,U2031S1,G1,X1,Q3,1,clrlcgce02,clrlcgce02,-1,-1,-1,-1,-1,-1,-1,-1,-1,-1,-1
617,1136293835,1,19033,1,18125,465596,1,259200,-1,1,U1033S0,G6,X1,Q4,1,clrlcgce01,clrlcgce01,-1,-1,-1,-1,-1,-1,-1,-1,-1,-1,-1
618,1136293857,1,1850,1,8,59884,1,31980,614400,1,U2003S1,G3,X1,Q5,1,clrlcgce02,clrlcgce02,-1,-1,-1,-1,-1,-1,-1,-1,-1,-1,-1
619,1136293857,1,1850,1,8,59564,1,31980,614400,1,U2003S1,G3,X1,Q5,1,clrlcgce02,clrlcgce02,-1,-1,-1,-1,-1,-1,-1,-1,-1,-1,-1
620,1136293857,1,1850,1,8,58332,1,31980,614400,1,U2003S1,G3,X1,Q5,1,clrlcgce02,clrlcgce02,-1,-1,-1,-1,-1,-1,-1,-1,-1,-1,-1
621,1136293860,0,1851,1,9,59608,1,31980,614400,1,U2003S1,G3,X1,Q5,1,clrlcgce02,clrlcgce02,-1,-1,-1,-1,-1,-1,-1,-1,-1,-1,-1
622,1136293860,0,1851,1,9,59860,1,31980,614400,1,U2003S1,G3,X1,Q5,1,clrlcgce02,clrlcgce02,-1,-1,-1,-1,-1,-1,-1,-1,-1,-1,-1
623,1136293860,1,1851,1,9,57148,1,31980,614400,1,U2003S1,G3,X1,Q5,1,clrlcgce02,clrlcgce02,-1,-1,-1,-1,-1,-1,-1,-1,-1,-1,-1
624,1136293862,1,1850,1,9,59916,1,31980,614400,1,U2003S1,G3,X1,Q5,1,clrlcgce02,clrlcgce02,-1,-1,-1,-1,-1,-1,-1,-1,-1,-1,-1
